extract_point,avg_sA,reserves,region
611309,0.045,34587,7700NW
611311,0.105166667,69174,7700NW
611401,0.114833333,69174,7700NW
611403,0.121166667,69174,7700NW
611405,0.135833333,69174,7700NW
611406,0.092666667,34587,7700NW
611407,0.138428571,80703,7700NW
611408,0.087,34587,7700NW
611409,0.133375,92232,7700NW
611410,0.082333333,34587,7700NW
611411,0.1235,92232,7700NW
611412,0.083333333,34587,7700NW
611501,0.124375,92232,7700NW
611502,0.078333333,34587,7700NW
611503,0.1205,92232,7700NW
611504,0.089666667,34587,7700NW
611505,0.117142857,80703,7700NW
611506,0.082,34587,7700NW
611507,0.128666667,103761,7700NW
611508,0.1094,57645,7700NW
611509,0.1518,115290,7700NW
611510,0.121666667,69174,7700NW
611511,0.158,115290,7700NW
611512,0.119285714,80703,7700NW
611601,0.161,126819,7700NW
611602,0.119555556,103761,7700NW
611603,0.165166667,138348,7700NW
611604,0.1168,115290,7700NW
611605,0.167333333,138348,7700NW
611606,0.100666667,34587,7700NW
611607,0.158416667,138348,7700NW
611703,0.202857143,76860,7700SW
611704,0.188340957,109706,7700SW
611705,0.216857143,76860,7700SW
611706,0.163949113,120639,7700SW
611707,0.174571429,76860,7700SW
611708,0.140122584,98773,7700SW
611709,0.135285714,76860,7700SW
611710,0.124875,87840,7700SW
611711,0.114,76860,7700SW
611712,0.119875,87840,7700SW
611801,0.123818182,120780,7700SW
611802,0.121222222,98820,7700SW
611803,0.13,109800,7700SW
611804,0.117888889,98820,7700SW
611805,0.127,109800,7700SW
613306,0.058666667,34587,7700NW
613307,0.046333333,34587,7700NW
613308,0.08,34587,7700NW
613309,0.121166667,69174,7700NW
613310,0.119,69174,7700NW
613311,0.134571429,80703,7700NW
613312,0.152571429,80703,7700NW
613401,0.141571429,80703,7700NW
613402,0.159857143,80703,7700NW
613403,0.172222222,103761,7700NW
613404,0.155,92232,7700NW
613405,0.198,115290,7700NW
613406,0.157,103761,7700NW
613407,0.1997,115290,7700NW
613408,0.155111111,103761,7700NW
613409,0.172,126819,7700NW
613410,0.157515352,115232,7700NW
613411,0.13925,92232,7700NW
613412,0.172781003,126600,7700NW
613501,0.147571429,80703,7700NW
613502,0.171625,92232,7700NW
613503,0.135,80703,7700NW
613504,0.1665,92232,7700NW
613505,0.139428571,80703,7700NW
613506,0.16475,92232,7700NW
613507,0.169285714,80703,7700NW
613508,0.178625,92232,7700NW
613509,0.188625,92232,7700NW
613510,0.1745,92232,7700NW
613511,0.1895,92232,7700NW
613512,0.185875,92232,7700NW
613601,0.16125,92232,7700NW
613602,0.18725,92232,7700NW
613603,0.156625,92232,7700NW
613604,0.158625,92232,7700NW
613605,0.164625,92232,7700NW
613606,0.1575,92232,7700NW
613607,0.136125,92232,7700NW
613608,0.16925,92232,7700NW
613701,0.194125,87840,7700SW
613703,0.23525,87840,7700SW
613704,0.210375,87840,7700SW
613705,0.20925,87840,7700SW
613706,0.192125,87840,7700SW
613707,0.167125,87840,7700SW
613708,0.172375,87840,7700SW
613709,0.135857143,76860,7700SW
613710,0.15725,87840,7700SW
613711,0.127706687,119940,7700SW
613712,0.140428571,76860,7700SW
613801,0.137,131760,7700SW
613802,0.1325,91864,7700SW
613803,0.139916667,131760,7700SW
613804,0.149309054,138280,7700SW
613805,0.135636364,120780,7700SW
613806,0.144838072,131540,7700SW
613807,0.122333333,98820,7700SW
613808,0.138727273,120780,7700SW
613810,0.1286,109800,7700SW
613902,0.1195,87840,7700SW
615301,0.149833333,69174,7700NW
615303,0.148285714,80703,7700NW
615304,0.093333333,34587,7700NW
615305,0.148,69174,7700NW
615306,0.11325,46116,7700NW
615307,0.143857143,80703,7700NW
615308,0.128714286,80703,7700NW
615309,0.135555556,103761,7700NW
615310,0.163111111,103761,7700NW
615311,0.1609,115290,7700NW
615312,0.177,115290,7700NW
615401,0.1684,115290,7700NW
615402,0.1753,115290,7700NW
615403,0.186714286,80703,7700NW
615404,0.187454545,126819,7700NW
615405,0.1985,92232,7700NW
615406,0.19475,138348,7700NW
615407,0.195375,92232,7700NW
615408,0.204136503,125997,7700NW
615409,0.203142857,80703,7700NW
615410,0.241428571,80703,7700NW
615411,0.21975,92232,7700NW
615412,0.230428571,80703,7700NW
615501,0.218375,92232,7700NW
615502,0.207125,92232,7700NW
615503,0.19525,92232,7700NW
615504,0.198125,92232,7700NW
615505,0.193,92232,7700NW
615506,0.188125,92232,7700NW
615507,0.18825,92232,7700NW
615508,0.1995,92232,7700NW
615509,0.175875,92232,7700NW
615510,0.1955,92232,7700NW
615511,0.163625,92232,7700NW
615512,0.176375,92232,7700NW
615601,0.160625,92232,7700NW
615602,0.1825,92232,7700NW
615603,0.170375,92232,7700NW
615604,0.160125,92232,7700NW
615605,0.15825,92232,7700NW
615606,0.170125,92232,7700NW
615607,0.1835,92232,7700NW
615608,0.179625,92232,7700NW
615702,0.1675,87840,7700SW
615703,0.180875,87840,7700SW
615704,0.19075,87840,7700SW
615705,0.193,87840,7700SW
615706,0.186625,87840,7700SW
615707,0.204375,87840,7700SW
615708,0.200875,87840,7700SW
615709,0.21475,87840,7700SW
615710,0.203,87840,7700SW
615711,0.214625,87840,7700SW
615712,0.17875,93200,7700SW
615801,0.201875,96120,7700SW
615802,0.161714286,78351,7700SW
615803,0.171625,84776,7700SW
615804,0.153285714,69517,7700SW
615805,0.160857143,70994,7700SW
615806,0.149025374,131356,7700SW
615807,0.155304748,119922,7700SW
615808,0.145727273,120780,7700SW
615809,0.157259022,131672,7700SW
615810,0.1428,109800,7700SW
615901,0.162545455,120780,7700SW
615902,0.139,98820,7700SW
615903,0.150222222,98820,7700SW
617210,0.123,34587,7700NW
617211,0.1515,46116,7700NW
617212,0.112333333,34587,7700NW
617301,0.17675,92232,7700NW
617302,0.134714286,80703,7700NW
617303,0.226625,92232,7700NW
617304,0.167555556,103761,7700NW
617305,0.207125,92232,7700NW
617306,0.1794,115290,7700NW
617307,0.161373177,103656,7700NW
617308,0.172463351,115118,7700NW
617309,0.16368473,115000,7700NW
617310,0.20275,92232,7700NW
617311,0.168089522,115000,7700NW
617312,0.235375,92232,7700NW
617401,0.182125,92232,7700NW
617402,0.22975,92232,7700NW
617403,0.2205,92232,7700NW
617404,0.231625,92232,7700NW
617405,0.219875,92232,7700NW
617406,0.22325,92232,7700NW
617407,0.22575,92232,7700NW
617408,0.227375,92232,7700NW
617409,0.2165,92232,7700NW
617410,0.24220363,102259,7700NW
617411,0.209125,92232,7700NW
617412,0.235693905,102259,7700NW
617501,0.207625,92232,7700NW
617502,0.201321937,102259,7700NW
617503,0.200375,92232,7700NW
617504,0.195542661,102259,7700NW
617505,0.181,92232,7700NW
617506,0.194125,92232,7700NW
617507,0.167125,92232,7700NW
617508,0.161625,92232,7700NW
617509,0.143875,92232,7700NW
617510,0.12275,92232,7700NW
617511,0.1365,92232,7700NW
617512,0.125875,92232,7700NW
617601,0.131125,92232,7700NW
617602,0.10375,92232,7700NW
617603,0.135,92232,7700NW
617604,0.113,92232,7700NW
617605,0.1535,92232,7700NW
617606,0.12725,92232,7700NW
617607,0.18575,92232,7700NW
617608,0.14475,92232,7700NW
617701,0.17375,87840,7700SW
617703,0.1875,87840,7700SW
617704,0.160125,87840,7700SW
617705,0.2225,87840,7700SW
617706,0.179875,87840,7700SW
617707,0.26675,87840,7700SW
617708,0.247625,87840,7700SW
617709,0.274875,87840,7700SW
617710,0.2485,87840,7700SW
617711,0.2455,87840,7700SW
617712,0.242125,87840,7700SW
617801,0.214,91888,7700SW
617802,0.23125,87840,7700SW
617803,0.182125,85248,7700SW
617804,0.22325,87840,7700SW
617805,0.172125,87840,7700SW
617806,0.214875,87840,7700SW
617807,0.184428571,76860,7700SW
617808,0.2035,87840,7700SW
617809,0.18,131760,7700SW
617810,0.18227633,108374,7700SW
617901,0.179181818,120780,7700SW
617902,0.183398374,119310,7700SW
617903,0.085,32940,7700SW
617904,0.171,98820,7700SW
617906,0.062,32940,7700SW
621207,0.134,34587,7700NW
621208,0.113,34587,7700NW
621209,0.13975,46116,7700NW
621210,0.098666667,34587,7700NW
621211,0.145,80703,7700NW
621212,0.130142857,80703,7700NW
621301,0.171373438,103680,7700NW
621302,0.163444444,103761,7700NW
621303,0.169212554,103174,7700NW
621304,0.168010311,103288,7700NW
621305,0.16475,92232,7700NW
621306,0.173625,92232,7700NW
621307,0.163375,92232,7700NW
621308,0.183285714,80703,7700NW
621309,0.18725,92232,7700NW
621310,0.21775,92232,7700NW
621311,0.218625,92232,7700NW
621312,0.235,92232,7700NW
621401,0.219,92232,7700NW
621402,0.234625,92232,7700NW
621403,0.209,92232,7700NW
621404,0.218375,92232,7700NW
621405,0.17825,92232,7700NW
621406,0.205973782,102259,7700NW
621407,0.168375,92232,7700NW
621408,0.217993233,102259,7700NW
621409,0.171625,92232,7700NW
621410,0.251247695,102259,7700NW
621411,0.181,92232,7700NW
621412,0.218414829,102259,7700NW
621501,0.143,92232,7700NW
621502,0.188934881,102259,7700NW
621503,0.13,92232,7700NW
621504,0.18075,92232,7700NW
621505,0.110875,92232,7700NW
621506,0.155625,92232,7700NW
621507,0.070666667,34587,7700NW
621508,0.12975,92232,7700NW
621509,0.072,34587,7700NW
621510,0.132625,92232,7700NW
621511,0.069666667,34587,7700NW
621512,0.116375,92232,7700NW
621601,0.064666667,34587,7700NW
621602,0.106375,92232,7700NW
621603,0.072666667,34587,7700NW
621604,0.129375,92232,7700NW
621605,0.1185,92232,7700NW
621606,0.13925,92232,7700NW
621607,0.122875,92232,7700NW
621608,0.15625,92232,7700NW
621702,0.1685,87536,7700SW
621703,0.169125,70584,7700SW
621704,0.1735,87536,7700SW
621705,0.185125,70584,7700SW
621706,0.199125,87536,7700SW
621707,0.198,70584,7700SW
621708,0.215125,87536,7700SW
621709,0.19175,70584,7700SW
621710,0.243625,87536,7700SW
621711,0.20501927,78257,7700SW
621712,0.218625,87536,7700SW
621801,0.211087928,78257,7700SW
621802,0.23375,87536,7700SW
621803,0.244950611,78257,7700SW
621804,0.238375,87536,7700SW
621805,0.229480123,78257,7700SW
621806,0.232625,87536,7700SW
621807,0.216470245,78257,7700SW
621808,0.209625,87536,7700SW
621809,0.197117319,78257,7700SW
621810,0.195375,87536,7700SW
621901,0.200269331,78257,7700SW
621902,0.187211804,108270,7700SW
621903,0.160127016,87784,7700SW
621904,0.1355,87536,7700SW
621905,0.121666667,79407,7700SW
621906,0.092333333,32826,7700SW
621907,0.123333333,26469,7700SW
623205,0.131333333,34587,7700NW
623206,0.118666667,34587,7700NW
623207,0.1556,57645,7700NW
623208,0.1445,46116,7700NW
623209,0.15,57645,7700NW
623210,0.166,57645,7700NW
623211,0.177777778,103761,7700NW
623212,0.151,69174,7700NW
623301,0.194,80703,7700NW
623302,0.202,92232,7700NW
623303,0.170875,92232,7700NW
623304,0.195625,92232,7700NW
623305,0.163875,92232,7700NW
623306,0.167125,92232,7700NW
623307,0.161375,92232,7700NW
623308,0.159,92232,7700NW
623309,0.189875,92232,7700NW
623310,0.167375,92232,7700NW
623311,0.187125,92232,7700NW
623312,0.183625,92232,7700NW
623401,0.182625,92232,7700NW
623402,0.172,92232,7700NW
623403,0.15775,92232,7700NW
623404,0.17375,92232,7700NW
623405,0.119625,92232,7700NW
623406,0.1135,92232,7700NW
623407,0.126,92232,7700NW
623408,0.079666667,34587,7700NW
623409,0.115375,92232,7700NW
623410,0.078333333,34587,7700NW
623411,0.109125,92232,7700NW
623412,0.067,34587,7700NW
623501,0.063333333,34587,7700NW
623502,0.058,34587,7700NW
623701,0.140875,70272,7700SW
623703,0.15225,70272,7700SW
623704,0.122,70272,7700SW
623705,0.184625,70272,7700SW
623706,0.155,70272,7700SW
623707,0.195125,70272,7700SW
623708,0.196875,70272,7700SW
623709,0.184125,70272,7700SW
623710,0.195125,70272,7700SW
623711,0.214754082,77912,7700SW
623712,0.2035,70272,7700SW
623801,0.228303111,77912,7700SW
623802,0.209852141,77912,7700SW
623803,0.259430537,77912,7700SW
623804,0.24094024,77912,7700SW
623805,0.227469863,77912,7700SW
623806,0.227734675,77912,7700SW
623807,0.205371804,77912,7700SW
623808,0.222175685,77912,7700SW
623809,0.200146319,77912,7700SW
623810,0.210401171,77912,7700SW
623901,0.176957506,77940,7700SW
623902,0.206371804,77912,7700SW
623903,0.152583333,105408,7700SW
623904,0.172808189,95928,7700SW
623905,0.095333333,26352,7700SW
623906,0.1431,87840,7700SW
623908,0.147571429,61488,7700SW
625205,0.1416,50570,7700NW
625206,0.13925,46276,7700NW
625207,0.169428571,70798,7700NW
625208,0.163333333,69414,7700NW
625209,0.186111111,91026,7700NW
625210,0.147714286,80983,7700NW
625211,0.180751076,90574,7700NW
625212,0.180571429,80983,7700NW
625301,0.182975409,89708,7700NW
625302,0.177125,92552,7700NW
625303,0.164039283,89708,7700NW
625304,0.15775,92552,7700NW
625305,0.147838387,89708,7700NW
625306,0.152375,92552,7700NW
625307,0.154838387,89708,7700NW
625308,0.15775,92552,7700NW
625309,0.15768636,89708,7700NW
625310,0.1765,92552,7700NW
625311,0.169838387,89708,7700NW
625312,0.17725,92552,7700NW
625401,0.171725643,89708,7700NW
625402,0.178,92552,7700NW
625403,0.15675,80912,7700NW
625404,0.141125,92552,7700NW
625405,0.136875,80912,7700NW
625406,0.098333333,34707,7700NW
625407,0.125375,80912,7700NW
625408,0.095666667,34707,7700NW
625409,0.1265,80912,7700NW
625410,0.089333333,34707,7700NW
625411,0.12525,80912,7700NW
625412,0.079,34707,7700NW
625704,0.118,70272,7700SW
625705,0.13525,70272,7700SW
625706,0.160375,70272,7700SW
625707,0.185,70272,7700SW
625708,0.19775,70272,7700SW
625709,0.2215,70272,7700SW
625710,0.21075,70272,7700SW
625711,0.224375,70272,7700SW
625712,0.205625,70272,7700SW
625801,0.20425,70272,7700SW
625802,0.213376527,77912,7700SW
625803,0.221773488,77912,7700SW
625804,0.226827498,77912,7700SW
625805,0.231052983,77912,7700SW
625806,0.234361844,77912,7700SW
625807,0.252351884,77912,7700SW
625808,0.230474587,77912,7700SW
625809,0.257243865,77912,7700SW
625810,0.22244522,77912,7700SW
625901,0.235155765,77912,7700SW
625902,0.186375,70272,7700SW
625903,0.209531732,95928,7700SW
625904,0.177833333,105408,7700SW
625905,0.175454545,96624,7700SW
625906,0.1613,87840,7700SW
625907,0.164666667,79056,7700SW
627205,0.155333333,60612,7700NW
627207,0.183444444,90918,7700NW
627208,0.159,70714,7700NW
627209,0.2128,101020,7700NW
627210,0.177333333,90918,7700NW
627211,0.188801937,89820,7700NW
627212,0.174605409,90481,7700NW
627301,0.188421598,89602,7700NW
627302,0.173200866,89602,7700NW
627303,0.170260039,89602,7700NW
627304,0.156799134,89602,7700NW
627305,0.160495458,89602,7700NW
627306,0.142750318,89602,7700NW
627307,0.157711011,89602,7700NW
627308,0.148961117,89602,7700NW
627309,0.160382715,89602,7700NW
627310,0.164637575,89602,7700NW
627311,0.17222591,89602,7700NW
627312,0.185245352,89602,7700NW
627401,0.171676882,89602,7700NW
627402,0.183005178,89602,7700NW
627403,0.150875,80816,7700NW
627404,0.152875,80816,7700NW
627405,0.14,80816,7700NW
627406,0.1505,80816,7700NW
627407,0.1395,80816,7700NW
627408,0.168,80816,7700NW
627409,0.14,80816,7700NW
627410,0.175125,80816,7700NW
627705,0.147875,70272,7700SW
627707,0.187,70272,7700SW
627708,0.1635,70272,7700SW
627709,0.224625,70272,7700SW
627710,0.204,70272,7700SW
627711,0.217375,70272,7700SW
627712,0.22775,70272,7700SW
627801,0.206625,70272,7700SW
627802,0.218875,70272,7700SW
627803,0.225097033,77912,7700SW
627804,0.240935004,77912,7700SW
627805,0.244616696,77912,7700SW
627806,0.21844522,77912,7700SW
627807,0.268175172,77912,7700SW
627808,0.27192032,77912,7700SW
627809,0.272645549,77912,7700SW
627810,0.285464113,77912,7700SW
627901,0.236938106,77940,7700SW
627902,0.275826984,77912,7700SW
627903,0.213666667,105408,7700SW
627904,0.236156451,95928,7700SW
627905,0.180727273,96624,7700SW
627906,0.204727273,96624,7700SW
631205,0.179381277,71945,7700
631207,0.187900503,82334,7700
631209,0.184875,66920,7700
631211,0.185375,66976,7700
631301,0.182125,66888,7700
631303,0.181375,66920,7700
631305,0.16225,100464,7700
631307,0.166,92388,7700
631309,0.165416667,79572,7700
631311,0.1655,87852,7700
631313,0.156833333,87780,7700
631401,0.149,87888,7700
631403,0.151,82428,7700
631405,0.16125,84456,7700
631407,0.16525,100320,7700
631409,0.161416667,100380,7700
631411,0.1565,100464,7700
631501,0.151916667,100332,7700
631503,0.1535,100380,7700NW
631505,0.143166667,100464,7700
631507,0.138166667,100332,7700
631509,0.132833333,100380,7700
631511,0.129416667,100464,7700
631707,0.210125,69104,7700SW
631708,0.206375,67976,7700SW
631709,0.2235,69112,7700SW
631710,0.272875,67984,7700SW
631711,0.217625,69128,7700SW
631712,0.245625,68024,7700SW
631801,0.20225,66368,7700SW
631802,0.219,68040,7700SW
631803,0.224219362,67277,7700SW
631804,0.233543343,74798,7700SW
631805,0.231342818,66531,7700SW
631806,0.237872005,75339,7700SW
631807,0.249077519,67596,7700SW
631808,0.269797592,74577,7700SW
631809,0.277459709,68217,7700SW
631810,0.297753956,74133,7700SW
631811,0.267008542,68368,7700SW
631901,0.244074785,71833,7700SW
631902,0.23863317,74247,7700SW
631903,0.214272727,94490,7700SW
631904,0.2225,102336,7700SW
631905,0.179727273,91960,7700SW
631906,0.187363636,93269,7700SW
633203,0.186666667,75312,7700
633204,0.192555556,75285,7700
633205,0.192214193,77052,7700
633206,0.2039,83720,7700
633207,0.198111111,75249,7700
633208,0.211555556,75249,7700
633209,0.195333333,75348,7700
633210,0.210333333,75285,7700
633211,0.171333333,75285,7700
633212,0.210888889,75348,7700
633301,0.16075,66888,7700
633302,0.191555556,75249,7700
633303,0.164666667,100464,7700
633304,0.16125,100380,7700
633305,0.169083333,100380,7700
633306,0.170416667,100464,7700
633307,0.172166667,85716,7700
633308,0.1765,100332,7700
633309,0.172333333,83424,7700
633310,0.179583333,98916,7700
633311,0.163666667,88020,7700
633312,0.166833333,99816,7700
633313,0.155166667,88812,7700
633401,0.156833333,89376,7700
633402,0.1645,99072,7700
633403,0.165333333,82632,7700
633404,0.174416667,98748,7700
633405,0.1755,92340,7700
633406,0.194,97452,7700
633407,0.173916667,100356,7700
633408,0.20175,100332,7700
633409,0.170583333,100464,7700
633410,0.193833333,100380,7700
633411,0.16725,100380,7700
633412,0.189833333,100464,7700
633501,0.170583333,100332,7700
633502,0.190666667,100332,7700
633503,0.16475,100464,7700
633504,0.190166667,100380,7700
633505,0.156666667,100380,7700
633506,0.171416667,100464,7700
633507,0.149,100332,7700
633508,0.164666667,100332,7700
633509,0.138833333,100464,7700
633510,0.149666667,100380,7700
633511,0.14075,100380,7700
633512,0.149833333,100464,7700
633602,0.152166667,100332,7700
633604,0.150666667,100380,7700
633606,0.142083333,100464,7700
633608,0.141083333,100332,7700
633610,0.1375,100380,7700
633612,0.143083333,100464,7700
633702,0.145083333,100332,7700
633704,0.1445,100380,7700
633706,0.155916667,109308,7700
633707,0.170083333,102384,7700
633708,0.177083333,121872,7700
633709,0.184666667,98796,7700
633710,0.188333333,75480,7700
633711,0.178083333,100380,7700
633712,0.18,85764,7700
633801,0.175166667,93072,7700
633802,0.171333333,100332,7700
633803,0.21475,58520,7700
633804,0.203625,63424,7700
633805,0.218375,58568,7700
633806,0.208571429,51240,7700
633807,0.237,65925,7700
633808,0.220875,58568,7700
633809,0.265444444,65844,7700
633810,0.256222222,65862,7700
633811,0.256444444,65880,7700
633812,0.256777778,65889,7700
633901,0.256355567,93940,7700
633902,0.248333333,65898,7700
633903,0.2215,81330,7700
633904,0.223827914,81320,7700
633906,0.1894,80850,7700
635111,0.166875,66976,7700
635201,0.1989,83610,7700
635202,0.195,83610,7700
635203,0.215132432,83356,7700
635204,0.209296015,82212,7700
635205,0.198625,66976,7700
635206,0.196625,66920,7700
635207,0.228555556,75249,7700
635208,0.210777778,75249,7700
635209,0.247777778,75285,7700
635210,0.227,75348,7700
635211,0.228333333,75348,7700
635212,0.208111111,75285,7700
635301,0.209125,66888,7700
635302,0.196555556,75249,7700
635303,0.17625,100380,7700
635304,0.16425,100464,7700
635305,0.180583333,100464,7700
635306,0.1735,100380,7700
635307,0.188083333,100332,7700
635308,0.187416667,100332,7700
635309,0.195333333,100380,7700
635310,0.189916667,100464,7700
635311,0.189666667,100464,7700
635312,0.18225,100380,7700
635401,0.18725,100332,7700
635402,0.183083333,100332,7700
635403,0.204333333,100380,7700
635404,0.198583333,100464,7700
635405,0.224416667,100464,7700
635406,0.216,100380,7700
635407,0.234833333,100332,7700
635408,0.214083333,100332,7700
635409,0.229833333,100380,7700
635410,0.207583333,100464,7700
635411,0.215416667,100464,7700
635412,0.20625,100380,7700
635501,0.208583333,100332,7700
635502,0.201166667,100332,7700
635503,0.201916667,100380,7700
635504,0.184916667,100464,7700
635505,0.184083333,100464,7700
635506,0.176,100380,7700
635507,0.1805,100332,7700
635508,0.163,100332,7700
635509,0.16725,100380,7700
635510,0.152,100464,7700
635511,0.1655,100464,7700
635512,0.154666667,100380,7700
635601,0.16025,100332,7700
635602,0.154833333,100332,7700
635603,0.154833333,100380,7700
635604,0.151666667,100464,7700
635605,0.156833333,100464,7700
635606,0.148416667,100380,7700
635607,0.154083333,100332,7700
635608,0.142083333,100332,7700
635609,0.146083333,100380,7700
635610,0.142333333,100464,7700
635611,0.157,100464,7700
635612,0.1555,100380,7700
635701,0.154916667,100332,7700
635702,0.14875,100332,7700
635703,0.151666667,100380,7700
635704,0.146583333,100464,7700
635705,0.156583333,100464,7700
635706,0.16,129300,7700
635707,0.1695,112188,7700
635708,0.175666667,94272,7700
635709,0.183333333,97932,7700
635710,0.184166667,78288,7700
635711,0.187416667,97452,7700
635712,0.177916667,92364,7700
635801,0.180916667,100332,7700
635802,0.173583333,100332,7700
635803,0.226833333,50190,7700
635804,0.211714286,54292,7700
635805,0.216285714,55538,7700
635806,0.216285714,51261,7700
635807,0.227111111,65853,7700
635808,0.238777778,65871,7700
635809,0.262777778,65916,7700
635810,0.261111111,65880,7700
635811,0.250666667,65889,7700
635812,0.250333333,65907,7700
635901,0.250313061,83284,7700
635902,0.247833333,87828,7700
635903,0.223189076,79016,7700
635904,0.220363636,85250,7700
635905,0.191777778,64593,7700
637110,0.1476,43895,7700
637111,0.193,83650,7700
637112,0.197333333,75348,7700
637201,0.209238382,83148,7700
637202,0.209702403,81970,7700
637203,0.211112507,68769,7700
637204,0.220846879,70108,7700
637205,0.2175,66920,7700
637206,0.217,66976,7700
637207,0.235888889,75249,7700
637208,0.217625,66888,7700
637209,0.245777778,75348,7700
637210,0.23,75285,7700
637211,0.21,75285,7700
637212,0.236444444,75348,7700
637301,0.202888889,75249,7700
637302,0.230777778,75249,7700
637303,0.197,100464,7700
637304,0.192583333,100380,7700
637305,0.192666667,100380,7700
637306,0.198166667,100464,7700
637307,0.198416667,100332,7700
637308,0.203833333,100332,7700
637309,0.2,100464,7700
637310,0.217583333,100380,7700
637311,0.1945,100380,7700
637312,0.225833333,100464,7700
637401,0.20775,100332,7700
637402,0.2145,100332,7700
637403,0.24075,100464,7700
637404,0.222333333,100380,7700
637405,0.2695,100380,7700
637406,0.236916667,100464,7700
637407,0.275166667,100332,7700
637408,0.234166667,100332,7700
637409,0.252083333,100464,7700
637410,0.229416667,100380,7700
637411,0.217083333,100380,7700
637412,0.212916667,100464,7700
637501,0.2065,100332,7700
637502,0.204,100332,7700
637503,0.202583333,100464,7700
637504,0.209416667,100380,7700
637505,0.19525,100380,7700
637506,0.204583333,100464,7700
637507,0.185416667,100332,7700
637508,0.198833333,100332,7700
637509,0.18325,100464,7700
637510,0.198666667,100380,7700
637511,0.17375,100380,7700
637512,0.193583333,100464,7700
637601,0.164,100332,7700
637602,0.185833333,100332,7700
637603,0.161583333,100464,7700
637604,0.18925,100380,7700
637605,0.168083333,100380,7700
637606,0.193333333,100464,7700
637607,0.1475,100332,7700
637608,0.195916667,100332,7700
637609,0.147833333,100464,7700
637610,0.164416667,100380,7700
637611,0.142833333,100380,7700
637612,0.1505,100464,7700
637701,0.136,100332,7700
637702,0.143,100332,7700
637703,0.161166667,100464,7700
637704,0.145916667,100380,7700
637705,0.1705,100380,7700
637706,0.176166667,100464,7700
637707,0.186333333,100332,7700
637708,0.1935,100332,7700
637709,0.1915,100464,7700
637710,0.205583333,100380,7700
637711,0.19075,100380,7700
637712,0.199166667,100464,7700
637801,0.22325,66888,7700
637802,0.231,75249,7700
637803,0.213428571,58604,7700
637804,0.2195,66920,7700
637805,0.21175,62032,7700
637806,0.215875,66976,7700
637807,0.237555556,65862,7700
637808,0.232111111,71370,7700
637809,0.262333333,65916,7700
637810,0.267555556,65898,7700
637811,0.241444444,65844,7700
637812,0.241111111,65844,7700
637901,0.22975,87852,7700
637902,0.224874551,80423,7700
637903,0.2185,70660,7700
637904,0.213,68580,7700
637906,0.178333333,54963,7700
641109,0.204714286,58555,7700
641110,0.18725,66976,7700
641111,0.192888889,75348,7700
641112,0.201666667,75285,7700
641201,0.217310685,89412,7700
641202,0.223897693,85605,7700
641203,0.246440338,73296,7700
641204,0.221111111,75348,7700
641205,0.250111111,75348,7700
641206,0.222333333,75285,7700
641207,0.249444444,75249,7700
641208,0.221111111,75249,7700
641209,0.252111111,75285,7700
641210,0.239555556,75348,7700
641211,0.2529,83720,7700
641212,0.2404,83650,7700
641301,0.2588,83610,7700
641302,0.21025,100332,7700
641303,0.221083333,100380,7700
641304,0.21325,100464,7700
641305,0.222166667,100464,7700
641306,0.21,100380,7700
641307,0.225166667,100332,7700
641308,0.223583333,100332,7700
641309,0.224583333,100380,7700
641310,0.231583333,100464,7700
641311,0.225916667,100464,7700
641312,0.231333333,100380,7700
641401,0.224083333,100332,7700
641402,0.222583333,100332,7700
641403,0.223416667,100380,7700
641404,0.223083333,100464,7700
641405,0.22425,100464,7700
641406,0.226916667,100380,7700
641407,0.2225,100332,7700
641408,0.223083333,100332,7700
641409,0.2245,100380,7700
641410,0.224416667,100464,7700
641411,0.209833333,100464,7700
641412,0.206333333,100380,7700
641501,0.199583333,100332,7700
641502,0.198916667,100332,7700
641503,0.193666667,100380,7700
641504,0.202,100464,7700
641505,0.197666667,100464,7700
641506,0.205333333,100380,7700
641507,0.209666667,100332,7700
641508,0.208833333,100332,7700
641509,0.2065,100380,7700
641510,0.207166667,100464,7700
641511,0.204416667,100464,7700
641512,0.201916667,100380,7700
641601,0.209166667,100332,7700
641602,0.2115,100332,7700
641603,0.214416667,100380,7700
641604,0.210833333,100464,7700
641605,0.21875,100464,7700
641606,0.210583333,100380,7700
641607,0.215166667,100332,7700
641608,0.20425,100332,7700
641609,0.186333333,100380,7700
641610,0.176333333,100464,7700
641611,0.16875,100464,7700
641612,0.16925,100380,7700
641701,0.18275,100332,7700
641702,0.17175,100332,7700
641703,0.214444444,75285,7700
641704,0.202,75348,7700
641705,0.216111111,75348,7700
641706,0.217555556,75285,7700
641707,0.248333333,75249,7700
641708,0.2442,83610,7700
641709,0.270777778,75285,7700
641710,0.264888889,75348,7700
641711,0.249555556,75348,7700
641712,0.243777778,75285,7700
641801,0.2415,66888,7700
641802,0.230875,66888,7700
641803,0.229714286,58555,7700
641804,0.226,66976,7700
641805,0.222777778,75348,7700
641806,0.227333333,75285,7700
641807,0.2475,83610,7700
641808,0.261333333,69804,7700
641809,0.238436343,86927,7700
641810,0.257062559,73531,7700
641811,0.214125,58600,7700
641812,0.2235,73210,7700
641901,0.1925,55656,7700
641902,0.205856006,63343,7700
641903,0.178666667,56511,7700
641904,0.1863,64650,7700
641905,0.153,36078,7700
643108,0.166222222,78975,7700
643109,0.2155,66976,7700
643110,0.209666667,75285,7700
643111,0.2152,83650,7700
643112,0.218334281,83678,7700
643201,0.236273587,93824,7700
643202,0.236978638,98212,7700
643203,0.263888889,75348,7700
643204,0.282559471,73296,7700
643205,0.270222222,75285,7700
643206,0.2719,83720,7700
643207,0.251666667,75249,7700
643208,0.2699,83610,7700
643209,0.262666667,75348,7700
643210,0.271,83650,7700
643211,0.2582,83650,7700
643212,0.2649,83720,7700
643301,0.2505,83610,7700
643302,0.2422,83610,7700
643303,0.212416667,100464,7700
643304,0.196666667,100380,7700
643305,0.211166667,100380,7700
643306,0.196583333,100464,7700
643307,0.217166667,100332,7700
643308,0.19525,100332,7700
643309,0.218583333,100464,7700
643310,0.191666667,100380,7700
643311,0.219416667,100380,7700
643312,0.202083333,100464,7700
643401,0.2225,100332,7700
643402,0.203916667,100332,7700
643403,0.22175,100464,7700
643404,0.212666667,100380,7700
643405,0.225916667,100380,7700
643406,0.219416667,100464,7700
643407,0.223083333,100332,7700
643408,0.220166667,100332,7700
643409,0.214666667,100464,7700
643410,0.216916667,100380,7700
643411,0.206916667,100380,7700
643412,0.214416667,100464,7700
643501,0.19375,100332,7700
643502,0.205333333,100332,7700
643503,0.190416667,100464,7700
643504,0.198333333,100380,7700
643505,0.19625,100380,7700
643506,0.193166667,100464,7700
643507,0.203083333,100332,7700
643508,0.193916667,100332,7700
643509,0.200833333,100464,7700
643510,0.199,100380,7700
643511,0.214166667,100380,7700
643512,0.207916667,100464,7700
643601,0.224833333,100332,7700
643602,0.220333333,100332,7700
643603,0.230083333,100464,7700
643604,0.2395,100380,7700
643605,0.233416667,100380,7700
643606,0.246166667,100464,7700
643607,0.211833333,100332,7700
643608,0.23025,100332,7700
643609,0.179583333,100464,7700
643610,0.198333333,100380,7700
643611,0.18625,100380,7700
643612,0.192833333,100464,7700
643701,0.229888889,75249,7700
643702,0.240888889,75249,7700
643703,0.224222222,75348,7700
643704,0.239777778,75285,7700
643705,0.234333333,75285,7700
643706,0.234666667,75348,7700
643707,0.258555556,75249,7700
643708,0.236555556,75249,7700
643709,0.270222222,75348,7700
643710,0.250333333,75285,7700
643711,0.245222222,75285,7700
643712,0.262,75348,7700
643801,0.24425,66888,7700
643802,0.267,75249,7700
643803,0.231625,66976,7700
643804,0.250222222,75285,7700
643805,0.254688299,91344,7700
643806,0.2639579,83468,7700
643807,0.26396826,91872,7700
643808,0.270252368,77716,7700
643809,0.203888889,69831,7700
643810,0.217888889,75285,7700
643811,0.18075,58592,7700
643812,0.2035,47604,7700
643901,0.172,53000,7700
643902,0.1904,34275,7700
643903,0.162142857,42770,7700
643904,0.1645,36186,7700
645105,0.189444444,75348,7700
645107,0.1882,83610,7700
645108,0.197666667,75249,7700
645109,0.228,75285,7700
645110,0.222830043,81950,7700
645111,0.258914163,91918,7700
645112,0.237416667,100380,7700
645201,0.275310483,97780,7700
645202,0.263377938,105983,7700
645203,0.299121049,74730,7700
645204,0.2725,83720,7700
645205,0.2815,83720,7700
645206,0.283333333,75285,7700
645207,0.277888889,75249,7700
645208,0.2826,83610,7700
645209,0.2625,83650,7700
645210,0.2682,83720,7700
645211,0.2348,83720,7700
645212,0.245222222,75285,7700
645301,0.153,100332,7700
645302,0.208666667,75249,7700
645303,0.144666667,100380,7700
645304,0.169166667,100464,7700
645305,0.148083333,100464,7700
645306,0.173666667,100380,7700
645307,0.160833333,100332,7700
645308,0.181916667,100332,7700
645309,0.164583333,100380,7700
645310,0.181416667,100464,7700
645311,0.15875,100464,7700
645312,0.181166667,100380,7700
645401,0.168,100332,7700
645402,0.18725,100332,7700
645403,0.16575,100380,7700
645404,0.1865,100464,7700
645405,0.170833333,100464,7700
645406,0.192,100380,7700
645407,0.171583333,100332,7700
645408,0.192083333,100332,7700
645409,0.173833333,100380,7700
645410,0.2085,100464,7700
645411,0.20125,100464,7700
645412,0.21675,100380,7700
645501,0.19675,100332,7700
645502,0.21125,100332,7700
645503,0.18325,100380,7700
645504,0.192833333,100464,7700
645505,0.176333333,100464,7700
645506,0.183916667,100380,7700
645507,0.182916667,100332,7700
645508,0.191583333,100332,7700
645509,0.19525,100380,7700
645510,0.199166667,100464,7700
645511,0.201,100464,7700
645512,0.204583333,100380,7700
645601,0.216916667,100332,7700
645602,0.227583333,100332,7700
645603,0.23675,100380,7700
645604,0.243416667,100464,7700
645605,0.250833333,100464,7700
645606,0.2535,100380,7700
645607,0.256833333,100332,7700
645608,0.237833333,100332,7700
645609,0.248333333,100380,7700
645610,0.209416667,100464,7700
645611,0.273,83720,7700
645612,0.249888889,75285,7700
645701,0.285777778,75249,7700
645702,0.249555556,75249,7700
645703,0.283444444,75285,7700
645704,0.263111111,75348,7700
645705,0.275555556,75348,7700
645706,0.251444444,75285,7700
645707,0.261222222,75249,7700
645708,0.237444444,75249,7700
645709,0.269222222,75285,7700
645710,0.259888889,75348,7700
645711,0.2735,83720,7700
645712,0.2688,83650,7700
645801,0.2971,83610,7700
645802,0.2729,83610,7700
645803,0.2793,83650,7700
645804,0.2786722,87349,7700
645805,0.2823,83720,7700
645806,0.2652,83650,7700
645807,0.2765,83610,7700
645808,0.276333333,75249,7700
645809,0.222555556,75285,7700
645810,0.216,58604,7700
645811,0.209166667,47862,7700
645812,0.2066,38030,7700
645901,0.212,28356,7700
645902,0.1826,32790,7700
647105,0.216636364,92015,7700
647106,0.225636364,92092,7700
647107,0.198444444,75249,7700
647108,0.1861,83610,7700
647109,0.24219025,81682,7700
647110,0.2213,83650,7700
647111,0.272,75285,7700
647112,0.275878251,76986,7700
647201,0.284777778,75249,7700
647202,0.287,75249,7700
647203,0.2906,83720,7700
647204,0.297666667,75285,7700
647205,0.2936,83650,7700
647206,0.2849,83720,7700
647207,0.283222222,75249,7700
647208,0.276,83610,7700
647209,0.265111111,75348,7700
647210,0.2446,83650,7700
647211,0.17525,100380,7700
647212,0.181166667,100464,7700
647301,0.136666667,100332,7700
647303,0.133666667,100464,7700
647305,0.132416667,100380,7700
647307,0.150083333,100332,7700
647309,0.147666667,100464,7700
647311,0.15025,100380,7700
647401,0.159333333,100332,7700
647403,0.159833333,100464,7700
647405,0.162,100380,7700
647407,0.157416667,100332,7700
647409,0.16875,100464,7700
647411,0.186416667,100380,7700
647501,0.166416667,100332,7700
647503,0.169666667,100464,7700
647505,0.169,100380,7700
647507,0.1845,100332,7700
647508,0.178583333,100332,7700
647509,0.20225,100464,7700
647510,0.193583333,100380,7700
647511,0.206583333,100380,7700
647512,0.19725,100464,7700
647601,0.22975,100332,7700
647602,0.216083333,100332,7700
647603,0.244833333,100464,7700
647604,0.238,100380,7700
647605,0.2635,100380,7700
647606,0.25675,100464,7700
647607,0.252416667,100332,7700
647608,0.252,100332,7700
647609,0.3073,83720,7700
647610,0.3132,83650,7700
647611,0.2935,83650,7700
647612,0.302,83720,7700
647701,0.300111111,75249,7700
647702,0.308,83610,7700
647703,0.291555556,75348,7700
647704,0.303777778,75285,7700
647705,0.278,75285,7700
647706,0.292555556,75348,7700
647707,0.279444444,75249,7700
647708,0.295555556,75249,7700
647709,0.287444444,75348,7700
647710,0.302,75285,7700
647711,0.2912,83650,7700
647712,0.2928,83720,7700
647801,0.3005,83610,7700
647802,0.3109,83610,7700
647803,0.313636364,92092,7700
647804,0.2896,83650,7700
647805,0.2655,83650,7700
647806,0.2644,83720,7700
647807,0.265666667,75249,7700
647808,0.250666667,75249,7700
647809,0.228714286,58604,7700
647810,0.232375,66920,7700
647811,0.1992,38030,7700
647812,0.197666667,50232,7700
651103,0.1474,94740,7700
651105,0.1762,94620,7700
651106,0.1904,85260,7700
651107,0.191444444,85032,7700
651108,0.1891,85330,7700
651109,0.230587337,84260,7700
651110,0.230510988,80812,7700
651111,0.313714286,65814,7700
651112,0.274,77211,7700
651201,0.321428571,65653,7700
651202,0.289,77346,7700
651203,0.3245,75216,7700
651204,0.2939,85830,7700
651205,0.334,75432,7700
651206,0.2885,85550,7700
651207,0.308625,75576,7700
651208,0.2705,85330,7700
651209,0.26975,75696,7700
651210,0.2367,85300,7700
651211,0.24225,37464,7700
651508,0.1775,100332,7700
651509,0.167333333,100380,7700
651510,0.189083333,100464,7700
651511,0.178083333,100464,7700
651512,0.1935,100380,7700
651601,0.1985,100332,7700
651602,0.212916667,100332,7700
651603,0.225416667,100380,7700
651604,0.240666667,100464,7700
651605,0.3189,83720,7700
651606,0.3162,83650,7700
651607,0.2939,83610,7700
651608,0.298,83610,7700
651609,0.328444444,75285,7700
651610,0.3067,83720,7700
651611,0.3198,83720,7700
651612,0.3091,83650,7700
651701,0.3646,83610,7700
651702,0.3179,83610,7700
651703,0.372,83650,7700
651704,0.3018,83720,7700
651705,0.3406,83720,7700
651706,0.2952,83650,7700
651707,0.3363,83610,7700
651708,0.3035,83610,7700
651709,0.3341,83650,7700
651710,0.3123,83720,7700
651711,0.3238,83720,7700
651712,0.3091,83650,7700
651801,0.319333333,75249,7700
651802,0.312555556,75249,7700
651803,0.284333333,75285,7700
651804,0.2849,83720,7700
651805,0.257888889,75348,7700
651806,0.254111111,75285,7700
651807,0.239125,66888,7700
651808,0.24775,66888,7700
651809,0.224,50190,7700
651810,0.210714286,58604,7700
653103,0.1769,96080,7700
653104,0.160333333,86472,7700
653105,0.182888889,86472,7700
653106,0.1667,96080,7700
653107,0.205444444,86472,7700
653108,0.190111111,86472,7700
653109,0.234331473,87796,7700
653110,0.217675222,90708,7700
653111,0.317857143,67256,7700
653112,0.291142857,67256,7700
653201,0.315,76864,7700
653202,0.31225,76864,7700
653203,0.326625,76864,7700
653204,0.314375,76864,7700
653205,0.329625,76864,7700
653206,0.32125,76864,7700
653207,0.2925,76864,7700
653208,0.27025,76864,7700
653209,0.26775,69056,7700
653210,0.2535,76864,7700
653212,0.251375,37464,7700
653507,0.15425,33444,7700
653509,0.17375,66976,7700
653510,0.12925,33460,7700
653511,0.223,75285,7700
653512,0.194666667,75348,7700
653601,0.2836,83610,7700
653602,0.268,83610,7700
653603,0.3004,83720,7700
653604,0.3151,83650,7700
653605,0.3277,83650,7700
653606,0.3415,83720,7700
653607,0.3208,83610,7700
653608,0.3512,83610,7700
653609,0.3264,83720,7700
653610,0.354,83650,7700
653611,0.3466,83650,7700
653612,0.3392,83720,7700
653701,0.3981,83610,7700
653702,0.3868,83610,7700
653703,0.3833,83720,7700
653704,0.372,83650,7700
653705,0.3652,83650,7700
653706,0.3905,83720,7700
653707,0.3695,83610,7700
653708,0.3942,83610,7700
653709,0.3649,83720,7700
653710,0.3727,83650,7700
653711,0.3199,83650,7700
653712,0.3493,83720,7700
653801,0.311444444,75249,7700
653802,0.326555556,75249,7700
653803,0.2669,83720,7700
653804,0.285111111,75285,7700
653805,0.248875,65824,7700
653806,0.262875,64480,7700
653807,0.219857143,56679,7700
653808,0.243714286,49091,7700
653810,0.185285714,43491,7700
655103,0.1585,76864,7700
655104,0.1781,96080,7700
655105,0.203777778,86472,7700
655106,0.1862,96080,7700
655107,0.2083,96080,7700
655108,0.2111,96080,7700
655109,0.229416678,90708,7700
655110,0.246262937,93262,7700
655111,0.299285714,67256,7700
655112,0.329428571,67256,7700
655201,0.330857143,67256,7700
655202,0.332375,76864,7700
655203,0.331125,76864,7700
655204,0.355375,76864,7700
655205,0.367,76864,7700
655206,0.329875,76864,7700
655207,0.3145,76864,7700
655208,0.291875,76864,7700
655209,0.250875,76864,7700
655210,0.257,69056,7700
655211,0.265125,37464,7700
655508,0.137,33444,7700
655509,0.1605,33460,7700
655510,0.16775,33488,7700
655511,0.205555556,75348,7700
655512,0.218333333,75285,7700
655601,0.2804,83610,7700
655602,0.3068,83610,7700
655603,0.3379,83650,7700
655604,0.3302,83720,7700
655605,0.3607,83720,7700
655606,0.3636,83650,7700
655607,0.3843,83610,7700
655608,0.365,83610,7700
655609,0.3784,83650,7700
655610,0.3489,83720,7700
655611,0.3751,83720,7700
655612,0.3474,83650,7700
655701,0.4029,83610,7700
655702,0.381,83610,7700
655703,0.3954,83650,7700
655704,0.3689,83720,7700
655705,0.3934,83720,7700
655706,0.391,83650,7700
655707,0.3646,83610,7700
655708,0.3742,83610,7700
655709,0.3336,83650,7700
655710,0.3655,83720,7700
655711,0.32270477,90868,7700
655712,0.3198,83650,7700
655801,0.2814,83610,7700
655802,0.295084685,84915,7700
655803,0.244998601,74339,7700
655804,0.24838916,72379,7700
655805,0.220777778,71793,7700
655806,0.242,60808,7700
655807,0.210285714,49609,7700
655808,0.204,45878,7700
657507,0.11275,33468,7700
657508,0.1045,33448,7700
657509,0.178777778,75348,7700
657510,0.175333333,75384,7700
657511,0.271,83650,7700
657512,0.2614,83720,7700
657601,0.3414,83610,7700
657602,0.3743,83610,7700
657603,0.3806,83720,7700
657604,0.4169,83650,7700
657605,0.4152,83650,7700
657606,0.4459,83720,7700
657607,0.4214,83610,7700
657608,0.432,83610,7700
657609,0.4251,83720,7700
657610,0.4483,83650,7700
657611,0.4177,83650,7700
657612,0.4535,83720,7700
657701,0.4204,83610,7700
657702,0.4424,83610,7700
657703,0.385,83720,7700
657704,0.4162,83650,7700
657705,0.369,83650,7700
657706,0.3662,83720,7700
657707,0.3206,83610,7700
657708,0.3161,83610,7700
657709,0.310135919,80136,7700
657710,0.275571386,83280,7700
657711,0.274266396,79408,7700
657712,0.271875,66976,7700
657801,0.246,75249,7700
657802,0.235111111,75249,7700
657803,0.222777778,75348,7700
657804,0.22175,66920,7700
657805,0.208285714,53242,7700
657806,0.2026,41860,7700
661103,0.205666667,57648,7700
661104,0.1804,48040,7700
661105,0.237875,78136,7700
661106,0.236166667,60600,7700
661107,0.25325,78016,7700
661108,0.238666667,97470,7700
661109,0.289571429,68012,7700
661110,0.224,119361,7700
661111,0.31625,77256,7700
661201,0.30625,76872,7700
661202,0.268087337,119892,7700
661203,0.37325,77368,7700
661204,0.263909091,120340,7700
661205,0.387625,77808,7700
661206,0.319545455,119768,7700
661207,0.269875,78048,7700
661208,0.296359369,119287,7700
661209,0.21425,69824,7700
661210,0.228857143,74690,7700
661212,0.214714286,23338,7700
661507,0.10675,33444,7700
661508,0.135333333,50238,7700
661509,0.180666667,75285,7700
661510,0.2012,83720,7700
661511,0.2931,83720,7700
661512,0.3413,83650,7700
661601,0.3477,83610,7700
661602,0.3573,83610,7700
661603,0.3926,83650,7700
661604,0.4365,83720,7700
661605,0.4704,83720,7700
661606,0.4554,83650,7700
661607,0.4492,83610,7700
661608,0.4524,83610,7700
661609,0.4703,83650,7700
661610,0.4614,83720,7700
661611,0.4461,83720,7700
661612,0.4447,83650,7700
661701,0.4373,83610,7700
661702,0.449,83610,7700
661703,0.4116,83650,7700
661704,0.3998,83720,7700
661705,0.372465059,84643,7700
661706,0.368355669,75143,7700
661707,0.309069536,77456,7700
661708,0.2919,83610,7700
661709,0.252,75285,7700
661710,0.245888889,75348,7700
661711,0.2605,66976,7700
661712,0.244,66920,7700
661801,0.229571429,58527,7700
661802,0.212,66888,7700
661803,0.194833333,50190,7700
661804,0.202,41860,7700
663103,0.1974,48040,7700
663104,0.217333333,57648,7700
663105,0.203833333,60600,7700
663106,0.258857143,73423,7700
663107,0.229333333,98838,7700
663108,0.249094847,98295,7700
663109,0.2804259,97469,7700
663110,0.239363636,120780,7700
663201,0.273764419,98726,7700
663202,0.246,120780,7700
663203,0.262740993,105032,7700
663204,0.239272727,120780,7700
663205,0.252326923,114192,7700
663206,0.239,120780,7700
663207,0.178272727,120780,7700
663208,0.185727273,120780,7700
663209,0.139,64950,7700
663210,0.156857143,65590,7700
663211,0.125333333,20004,7700
663507,0.1565,33444,7700
663508,0.15575,33444,7700
663509,0.208777778,75348,7700
663510,0.197857143,58555,7700
663511,0.3347,83650,7700
663512,0.258333333,75348,7700
663601,0.4143,83610,7700
663602,0.3623,83610,7700
663603,0.4391,83720,7700
663604,0.4239,83650,7700
663605,0.4407,83650,7700
663606,0.4224,83720,7700
663607,0.4165,83610,7700
663608,0.3863,83610,7700
663609,0.4291,83720,7700
663610,0.3814,83650,7700
663611,0.4102,83650,7700
663612,0.3694,83720,7700
663701,0.3938,83610,7700
663702,0.3543,83610,7700
663703,0.369604899,90964,7700
663704,0.347333333,75285,7700
663705,0.310870156,85133,7700
663706,0.293909091,92092,7700
663707,0.266666667,75249,7700
663708,0.2656,83610,7700
663709,0.236375,66976,7700
663710,0.225777778,75285,7700
663711,0.232125,66920,7700
663712,0.1995,66976,7700
663801,0.200428571,56637,7700
663802,0.208333333,45618,7700
663804,0.177333333,45462,7700
665103,0.191333333,57648,7700
665104,0.183,57648,7700
665105,0.215,73423,7700
665106,0.219857143,70700,7700
665107,0.234666667,98802,7700
665108,0.234666667,98838,7700
665109,0.3027,109800,7700
665110,0.3038,109800,7700
665201,0.2797,109800,7700
665202,0.2737,109800,7700
665203,0.264909091,120780,7700
665204,0.2721,109800,7700
665205,0.252727273,120780,7700
665206,0.260818182,120780,7700
665207,0.199545455,120780,7700
665208,0.2205,131760,7700
665209,0.162916667,112440,7700
665210,0.17975,129900,7700
665507,0.210833333,100332,7700
665508,0.20683641,91344,7700
665509,0.241571429,58555,7700
665510,0.230857143,58604,7700
665511,0.283111111,75348,7700
665512,0.306,75285,7700
665601,0.3732,83610,7700
665602,0.392,83610,7700
665603,0.4229,83650,7700
665604,0.4305,83720,7700
665605,0.404,83720,7700
665606,0.4161,83650,7700
665607,0.3621,83610,7700
665608,0.3698,83610,7700
665609,0.3413,83650,7700
665610,0.3465,83720,7700
665611,0.325222222,75348,7700
665612,0.337555556,75285,7700
665701,0.313555556,75249,7700
665702,0.332111111,75249,7700
665703,0.306087685,75258,7700
665704,0.311287265,80250,7700
665705,0.280111111,75348,7700
665706,0.2679,83650,7700
665707,0.228,75249,7700
665708,0.229333333,75249,7700
665709,0.205875,66920,7700
665710,0.199125,66976,7700
665711,0.177285714,58604,7700
665712,0.182,58555,7700
665801,0.1705,50166,7700
665802,0.173166667,41946,7700
667507,0.209812264,109686,7700
667509,0.260555556,75348,7700
667511,0.3192,83650,7700
667601,0.4108,83610,7700
667603,0.4174,83720,7700
667605,0.3661,83650,7700
667607,0.3289,83610,7700
667609,0.320555556,75348,7700
667611,0.294333333,75285,7700
667701,0.298071301,76436,7700
667703,0.273888889,75348,7700
667705,0.233777778,75285,7700
667707,0.202625,66888,7700
667709,0.186285714,58604,7700
667711,0.1675,50190,7700
671103,0.185142857,67256,7700
671104,0.200428571,67256,7700
671105,0.2345,80800,7700
671106,0.2555,83912,7700
671107,0.2413,109820,7700
671108,0.2513,109780,7700
671109,0.2648,109800,7700
671110,0.275,109800,7700
671201,0.244,109800,7700
671202,0.2609,109800,7700
671203,0.2475,109800,7700
671204,0.265363636,120780,7700
671205,0.256416667,131760,7700
671206,0.2525,131760,7700
671207,0.240333333,131760,7700
671208,0.19875,131760,7700
671209,0.21575,129900,7700
671210,0.17575,112440,7700
673103,0.193375,76864,7700
673104,0.167125,76864,7700
673105,0.2805,83912,7700
673106,0.23425,80800,7700
673107,0.233636364,120758,7700
673108,0.2332,109820,7700
673109,0.2496,109800,7700
673110,0.235454545,120780,7700
673201,0.2367,109800,7700
673202,0.225,120780,7700
673203,0.228727273,120780,7700
673204,0.208636364,120780,7700
673205,0.226461538,142740,7700
673206,0.213166667,131760,7700
673207,0.212928571,153720,7700
673208,0.214846154,142740,7700
673209,0.218833333,112440,7700
673210,0.22625,129900,7700
675103,0.166833333,57648,7700
675104,0.17575,76864,7700
675105,0.206875,80800,7700
675106,0.251875,83912,7700
675107,0.217333333,98838,7700
675108,0.2206,109780,7700
675109,0.226333333,98820,7700
675110,0.221545455,120780,7700
675201,0.2127,109800,7700
675202,0.209,120780,7700
675203,0.1906,109800,7700
675204,0.194666667,131760,7700
675205,0.176916667,131760,7700
675206,0.202461538,142740,7700
675207,0.1765625,175680,7700
675208,0.1950625,175680,7700
675209,0.1999,108250,7700
675210,0.2145,112440,7700
677103,0.1776,48040,7700
677105,0.222,73423,7700
677106,0.168,40400,7700
677107,0.202875,87824,7700
677108,0.192714286,76888,7700
677109,0.202125,87840,7700
677110,0.185875,87840,7700
677201,0.204888889,98820,7700
677202,0.189888889,98820,7700
677203,0.1847,109800,7700
677204,0.208,98820,7700
677205,0.1585,175680,7700
677206,0.202777778,98820,7700
677207,0.1656875,173184,7700
677208,0.189444444,94410,7700
677209,0.16375,80808,7700
P47602,0.1582,109810,7210N
P47603,0.1467,109740,7210N
P47604,0.151333333,98874,7210N
P47605,0.147777778,98865,7210N
P47606,0.140333333,98865,7210N
P47607,0.117333333,32961,7210N
P47608,0.130625,87848,7210N
P47609,0.098333333,32928,7210N
P47610,0.133777778,98874,7210N
P47611,0.067,32955,7210N
P47612,0.108,32955,7210N
P47614,0.105,32943,7210N
P51601,0.172,109830,7210N
P51602,0.1618,109810,7210N
P51603,0.1706,109740,7210N
P51604,0.1678,109860,7210N
P51605,0.1615,109780,7210N
P51606,0.146444444,98829,7210N
P51607,0.1794,109790,7210N
P51608,0.161,87840,7210N
P51609,0.1755,109770,7210N
P51610,0.160888889,98874,7210N
P51611,0.1331,109690,7210N
P51612,0.15,109810,7210N
P51613,0.137666667,98856,7210N
P51614,0.128222222,98829,7210N
P51615,0.107666667,32922,7210N
P51616,0.119666667,32958,7210N
P53601,0.1782,109830,7210N
P53602,0.1637,109760,7210N
P53603,0.181,109740,7210N
P53604,0.1701,109870,7210N
P53605,0.158,109810,7210N
P53606,0.1623,109850,7210N
P53607,0.176,109790,7210N
P53608,0.1669,109740,7210N
P53609,0.1824,109780,7210N
P53610,0.15,98829,7210N
P53611,0.1452,109690,7210N
P53612,0.125888889,98874,7210N
P53613,0.115666667,32943,7210N
P53614,0.113333333,32949,7210N
P53615,0.104666667,32952,7210N
P53616,0.104,32934,7210N
P55601,0.129555556,98766,7210N
P55602,0.1351,109740,7210N
P55603,0.1452,109830,7210N
P55604,0.1523,109810,7210N
P55605,0.151666667,98766,7210N
P55606,0.1596,109870,7210N
P55607,0.153333333,98802,7210N
P55608,0.1609,109760,7210N
P55609,0.148222222,98811,7210N
P55610,0.155333333,98820,7210N
P55611,0.129333333,98793,7210N
P55612,0.130555556,98874,7210N
P55613,0.138666667,32922,7210N
P55614,0.122666667,32943,7210N
P55615,0.102333333,32958,7210N
P55616,0.107666667,32922,7210N
P57516,0.138,32973,7210N
P57601,0.126333333,32937,7210N
P57602,0.17692,274625,7210N
P57603,0.135333333,98847,7210N
P57604,0.1765,285298,7210N
P57605,0.138,98802,7210N
P57606,0.182125,87872,7210N
P57607,0.166166667,65928,7210N
P57608,0.1805,65940,7210N
P57609,0.1725,43916,7210N
P57610,0.1715,87792,7210N
P57611,0.140285714,76846,7210N
P57612,0.162,76860,7210N
P57613,0.159,43912,7210N
P57614,0.152,65898,7210N
P57615,0.133666667,32955,7210N
P57616,0.128666667,32931,7210N
P57701,0.088666667,32943,7210N
P57702,0.110333333,32922,7210N
P61513,0.126666667,32961,7210N
P61515,0.133166667,65910,7210N
P61516,0.141333333,32943,7210N
P61601,0.167538462,285246,7210N
P61602,0.126833333,65928,7210N
P61603,0.175884615,285506,7210N
P61604,0.173692308,285324,7210N
P61605,0.161884615,285610,7210N
P61606,0.182769231,285454,7210N
P61607,0.142416667,263424,7210N
P61608,0.16212,274600,7210N
P61609,0.154133333,164760,7210N
P61610,0.150749675,196928,7210N
P61611,0.1569375,175664,7210N
P61612,0.148666667,197730,7210N
P61613,0.155083333,131688,7210N
P61614,0.148235294,186643,7210N
P61615,0.152083333,131856,7210N
P61616,0.1379375,175648,7210N
P61701,0.137461538,142805,7210N
P61702,0.131307692,142727,7210N
P61703,0.114666667,32928,7210N
P61704,0.123666667,131796,7210N
P63512,0.1393,109730,7210N
P63513,0.130166667,65898,7210N
P63514,0.168857143,76846,7210N
P63515,0.154285714,76909,7210N
P63516,0.191125,87704,7210N
P63601,0.172115385,285454,7210N
P63602,0.184153846,285480,7210N
P63603,0.173923077,285558,7210N
P63604,0.190923077,285428,7210N
P63605,0.168423077,285636,7210N
P63606,0.1752,274175,7210N
P63607,0.15532,274350,7210N
P63608,0.168185185,296190,7210N
P63609,0.151884615,285740,7210N
P63610,0.170259259,296595,7210N
P63611,0.163777778,197712,7210N
P63612,0.15764,274175,7210N
P63613,0.160133333,164595,7210N
P63614,0.169357143,153636,7210N
P63615,0.172666667,131820,7210N
P63616,0.154,153650,7210N
P63701,0.144692308,142844,7210N
P63702,0.141285714,153538,7210N
P63703,0.128307692,142662,7210N
P63704,0.108,32910,7210N
P65509,0.138375,87824,7210N
P65511,0.16225,87928,7210N
P65512,0.1359,110620,7210N
P65513,0.1825,87968,7210N
P65514,0.168857143,77539,7210N
P65515,0.191,285610,7210N
P65516,0.180375,88544,7210N
P65601,0.199037037,296757,7210N
P65602,0.190846154,287716,7210N
P65603,0.193821429,307720,7210N
P65604,0.196740741,298971,7210N
P65605,0.185807692,285636,7210N
P65606,0.189807692,287872,7210N
P65607,0.190952381,230811,7210N
P65608,0.175884615,287612,7210N
P65609,0.188882353,186813,7210N
P65610,0.174115385,288002,7210N
P65611,0.171066667,164790,7210N
P65612,0.168,276700,7210N
P65613,0.15675,175856,7210N
P65614,0.160333333,199188,7210N
P65615,0.1578125,175840,7210N
P65616,0.1554,166095,7210N
P65701,0.156222222,197748,7210N
P65702,0.1529375,177152,7210N
P65703,0.107333333,32955,7210N
P65704,0.118666667,33186,7210N
P67508,0.153444444,98901,7210M
P67509,0.151375,87112,7210M
P67510,0.1741,109780,7210M
P67511,0.164888889,97965,7210M
P67512,0.16872,274275,7210M
P67513,0.163961538,283218,7210M
P67514,0.189461538,285506,7210M
P67515,0.187769231,283192,7210M
P67516,0.222346154,285402,7210M
P67601,0.205769231,283036,7210M
P67602,0.227384615,285194,7210M
P67603,0.205074074,293949,7210M
P67604,0.208153846,285584,7210M
P67605,0.194481481,294057,7210M
P67606,0.193826087,252517,7210M
P67607,0.195318182,239624,7210M
P67608,0.198105263,208449,7210M
P67609,0.195555556,195984,7210M
P67610,0.183,175696,7210M
P67611,0.180466667,163365,7210M
P67612,0.175333333,197730,7210M
P67613,0.171444444,196056,7210M
P67614,0.17175,175616,7210M
P67615,0.152875,174192,7210M
P67616,0.144625,175744,7210M
P67701,0.155294118,185147,7210M
P67702,0.118571429,153706,7210M
P67703,0.118,32676,7210M
P67705,0.084666667,32670,7210M
P71205,0.121,65784,7210A
P71207,0.12325,43848,7210A
P71208,0.1394,109690,7210A
P71209,0.141,109640,7210A
P71210,0.1405,65730,7210A
P71211,0.1709,109640,7210A
P71212,0.1902,109700,7210A
P71213,0.1756,109720,7210A
P71214,0.2013,109730,7210A
P71215,0.1763,109700,7210A
P71216,0.1781,109660,7210A
P71301,0.1681,109720,7210A
P71302,0.1655,109700,7210A
P71303,0.1533,109700,7210A
P71304,0.14,109720,7210A
P71305,0.1393,109680,7210A
P71306,0.1188,109700,7210A
P71307,0.1311,109840,7210A
P71308,0.087666667,32928,7210A
P71309,0.125666667,32922,7210A
P71310,0.104,32946,7210A
P71503,0.133888889,98829,7210M
P71505,0.155181818,120846,7210M
P71507,0.159666667,263544,7210M
P71508,0.1534,109830,7210M
P71509,0.176166667,263544,7210M
P71510,0.1766,109740,7210M
P71511,0.196791667,263664,7210M
P71512,0.163,274275,7210M
P71513,0.23644,274625,7210M
P71514,0.1876,274475,7210M
P71515,0.254692308,285480,7210M
P71516,0.228153846,285584,7210M
P71601,0.247038462,285558,7210M
P71602,0.247692308,285298,7210M
P71603,0.219384615,285740,7210M
P71604,0.236884615,285688,7210M
P71605,0.197916667,263544,7210M
P71606,0.1998,274525,7210M
P71607,0.213,208734,7210M
P71608,0.193761905,230391,7210M
P71609,0.209705882,186745,7210M
P71610,0.193529412,186643,7210M
P71611,0.180375,175472,7210M
P71612,0.171352941,186660,7210M
P71613,0.157461538,142753,7210M
P71614,0.1716875,175584,7210M
P71615,0.135083333,131856,7210M
P71616,0.155,142870,7210M
P71701,0.121866667,164595,7210M
P71702,0.125461538,142792,7210M
P73205,0.069666667,33009,7210A
P73206,0.074333333,32967,7210A
P73207,0.112,32982,7210A
P73208,0.111,33009,7210A
P73209,0.1199,110020,7210A
P73210,0.1244,109920,7210A
P73211,0.1422,109930,7210A
P73212,0.1394,109880,7210A
P73213,0.1602,109920,7210A
P73214,0.155,110010,7210A
P73215,0.1664,109980,7210A
P73216,0.1546,109910,7210A
P73301,0.1671,109890,7210A
P73302,0.1579,109820,7210A
P73303,0.1625,109960,7210A
P73304,0.1556,109910,7210A
P73305,0.1558,109890,7210A
P73306,0.16,109940,7210A
P73307,0.1557,109830,7210A
P73308,0.1588,109790,7210A
P73309,0.1474,109870,7210A
P73310,0.1482,109860,7210A
P73311,0.1248,109890,7210A
P73312,0.1271,109830,7210A
P73502,0.160333333,263472,7210M
P73503,0.1573,109800,7210M
P73504,0.168208333,263496,7210M
P73505,0.154833333,263664,7210M
P73506,0.191291667,263448,7210M
P73507,0.175541667,263544,7210M
P73508,0.202826087,252402,7210M
P73509,0.187666667,263544,7210M
P73510,0.223391304,252678,7210M
P73511,0.210041667,263664,7210M
P73512,0.239833333,263544,7210M
P73513,0.23736,274525,7210M
P73514,0.259625,263472,7210M
P73515,0.26364,274500,7210M
P73516,0.24864,274475,7210M
P73601,0.262423077,285454,7210M
P73602,0.23992,274500,7210M
P73603,0.23572,274450,7210M
P73604,0.22128,274525,7210M
P73605,0.2144,274525,7210M
P73606,0.237315789,208677,7210M
P73607,0.225684211,208734,7210M
P73608,0.242647059,186558,7210M
P73609,0.244117647,186677,7210M
P73610,0.225529412,186626,7210M
P73611,0.221294118,186558,7210M
P73612,0.213058824,186643,7210M
P73613,0.188375,175664,7210M
P73614,0.1738125,175760,7210M
P73615,0.142666667,131808,7210M
P73616,0.132533333,164715,7210M
P73701,0.121071429,153566,7210M
P73702,0.095,32958,7210M
P73704,0.074666667,32955,7210M
P75205,0.045,32907,7210A
P75206,0.046666667,32868,7210A
P75207,0.075333333,32916,7210A
P75208,0.088333333,32892,7210A
P75209,0.115666667,32904,7210A
P75210,0.119333333,32916,7210A
P75211,0.126,43948,7210A
P75212,0.125,98595,7210A
P75213,0.131,109850,7210A
P75214,0.1324,109670,7210A
P75215,0.1453,109780,7210A
P75216,0.1427,109730,7210A
P75301,0.152,109770,7210A
P75302,0.1515,109660,7210A
P75303,0.155,109830,7210A
P75304,0.1543,109680,7210A
P75305,0.1546,109820,7210A
P75306,0.1614,109810,7210A
P75307,0.1537,109770,7210A
P75308,0.1593,109690,7210A
P75309,0.177666667,98874,7210M
P75310,0.1584,109800,7210A
P75311,0.1719,109800,7210M
P75312,0.1522,109810,7210A
P75313,0.168777778,98892,7210M
P75314,0.1429,109710,7210A
P75315,0.179555556,98865,7210M
P75401,0.182333333,98784,7210M
P75403,0.194,109870,7210M
P75405,0.191666667,98865,7210M
P75407,0.1887,109740,7210M
P75409,0.1926,109880,7210M
P75411,0.2298,109850,7210M
P75413,0.2436,109730,7210M
P75415,0.248388726,120051,7210M
P75501,0.246632145,252015,7210M
P75502,0.186989076,236636,7210M
P75503,0.253434783,252402,7210M
P75504,0.200208333,263496,7210M
P75505,0.256043478,252678,7210M
P75506,0.217521739,252494,7210M
P75507,0.25926087,252609,7210M
P75508,0.22173913,252609,7210M
P75509,0.256086957,252333,7210M
P75510,0.233652174,252655,7210M
P75511,0.271681818,241428,7210M
P75512,0.251913043,252563,7210M
P75513,0.279136364,241758,7210M
P75514,0.261913043,252655,7210M
P75515,0.260347826,252494,7210M
P75516,0.262043478,252609,7210M
P75601,0.24964,274450,7210M
P75602,0.253125,263520,7210M
P75603,0.2355,285454,7210M
P75604,0.23708,274500,7210M
P75605,0.217083333,263592,7210M
P75606,0.222791667,263760,7210M
P75607,0.220473684,208582,7210M
P75608,0.2355,197604,7210M
P75609,0.201,208791,7210M
P75610,0.216,197694,7210M
P75611,0.185588235,186626,7210M
P75612,0.203111111,197694,7210M
P75613,0.167294118,186626,7210M
P75614,0.189,186660,7210M
P75615,0.141533333,164685,7210M
P75616,0.1609375,175680,7210M
P75701,0.102333333,32940,7210M
P75702,0.122846154,142818,7210M
P75703,0.095,32928,7210M
P75704,0.093,32943,7210M
P77205,0.041333333,32997,7210A
P77206,0.047333333,33003,7210A
P77207,0.054,33009,7210A
P77208,0.060333333,32946,7210A
P77209,0.081,32976,7210A
P77210,0.090666667,32952,7210A
P77211,0.122,32997,7210A
P77212,0.1199,109810,7210A
P77213,0.1262,110020,7210A
P77214,0.1283,109690,7210A
P77215,0.1422,109940,7210A
P77216,0.1366,109900,7210A
P77301,0.1461,109980,7210A
P77302,0.1536,109830,7210A
P77303,0.1511,109880,7210A
P77304,0.1547,109710,7210A
P77305,0.1492,109870,7210A
P77306,0.1526,109810,7210A
P77307,0.1493,109890,7210A
P77308,0.1708,109810,7210A
P77309,0.171444444,98874,7210M
P77310,0.1913,109690,7210M
P77311,0.1762,109810,7210M
P77312,0.1802,109840,7210M
P77313,0.1715,109850,7210M
P77314,0.1826,109790,7210M
P77315,0.182666667,98892,7210M
P77316,0.2172,109710,7210M
P77401,0.1986,109740,7210M
P77402,0.2479,109810,7210M
P77403,0.2259,109850,7210M
P77404,0.2392,109810,7210M
P77405,0.2279,109870,7210M
P77406,0.2618,109690,7210M
P77407,0.2276,109760,7210M
P77408,0.2569,109840,7210M
P77409,0.2195,109850,7210M
P77410,0.2668,109790,7210M
P77411,0.2588,109880,7210M
P77412,0.2411,109710,7210M
P77413,0.2448,109740,7210M
P77414,0.274194792,119825,7210M
P77415,0.267172533,119896,7210M
P77416,0.321293202,207284,7210M
P77501,0.285777778,197712,7210M
P77502,0.314277778,197568,7210M
P77503,0.284293807,229266,7210M
P77504,0.307615668,230124,7210M
P77505,0.283136364,241670,7210M
P77506,0.312318182,241538,7210M
P77507,0.295409091,241582,7210M
P77508,0.299363636,241428,7210M
P77509,0.281727273,241362,7210M
P77510,0.257,241736,7210M
P77511,0.271727273,241538,7210M
P77512,0.264,241670,7210M
P77513,0.2715,241626,7210M
P77514,0.261,241472,7210M
P77515,0.258782609,252402,7210M
P77516,0.239391304,252701,7210M
P77601,0.253958333,263544,7210M
P77602,0.237416667,263640,7210M
P77603,0.24544,274475,7210M
P77604,0.2294,274350,7210M
P77605,0.23308,274450,7210M
P77606,0.22536,274700,7210M
P77607,0.211916667,263496,7210M
P77608,0.210541667,263640,7210M
P77609,0.191956522,252609,7210M
P77610,0.1905,263424,7210M
P77611,0.180052632,208506,7210M
P77612,0.168826087,252563,7210M
P77613,0.1635,197586,7210M
P77614,0.147368421,208734,7210M
P77615,0.1438125,175664,7210M
P77616,0.124625,175680,7210M
P77701,0.113846154,142662,7210M
P77702,0.112666667,32922,7210M
P77703,0.101666667,32922,7210M
P81203,0.05,32901,7210A
P81205,0.052666667,32877,7210A
P81206,0.044666667,32901,7210A
P81207,0.073333333,32895,7210A
P81208,0.049,32880,7210A
P81209,0.108333333,32910,7210A
P81210,0.065333333,32892,7210A
P81211,0.132,43892,7210A
P81212,0.107666667,32907,7210A
P81213,0.152,98730,7210A
P81214,0.1225,109590,7210A
P81215,0.1761,109760,7210A
P81216,0.142,109670,7210A
P81301,0.2051,109680,7210A
P81302,0.1578,109750,7210A
P81303,0.1999,109710,7210A
P81304,0.1671,109670,7210A
P81305,0.1973,109820,7210A
P81306,0.1769,109680,7210A
P81307,0.218444444,98784,7210A
P81308,0.175888889,98829,7210A
P81309,0.2303,109800,7210M
P81310,0.1993,109630,7210M
P81311,0.226,109790,7210M
P81312,0.2055,109810,7210M
P81313,0.2514,109740,7210M
P81314,0.1952,109810,7210M
P81315,0.2768,109880,7210M
P81316,0.2174,109710,7210M
P81401,0.2928,109850,7210M
P81402,0.2638,109790,7210M
P81403,0.2962,109760,7210M
P81404,0.276,109840,7210M
P81405,0.2928,109870,7210M
P81406,0.2564,109690,7210M
P81407,0.296,109850,7210M
P81408,0.2834,109810,7210M
P81409,0.2856,109740,7210M
P81410,0.2872,109810,7210M
P81411,0.259359383,119683,7210M
P81412,0.2555,109710,7210M
P81413,0.33358513,216798,7210M
P81414,0.267642965,119753,7210M
P81415,0.322878937,207057,7210M
P81416,0.347493927,216858,7210M
P81501,0.325,197712,7210M
P81502,0.323069476,207020,7210M
P81503,0.311142857,230685,7210M
P81504,0.324666667,197712,7210M
P81505,0.294285714,230454,7210M
P81506,0.309772727,241582,7210M
P81507,0.251952381,230580,7210M
P81508,0.298909091,241274,7210M
P81509,0.243190476,230559,7210M
P81510,0.253809524,230685,7210M
P81511,0.244571429,230391,7210M
P81512,0.246363636,241736,7210M
P81513,0.24205,219620,7210M
P81514,0.256619048,230454,7210M
P81515,0.244789474,208639,7210M
P81516,0.247428571,230685,7210M
P81601,0.22252381,230349,7210M
P81602,0.237590909,241714,7210M
P81603,0.211636364,241648,7210M
P81604,0.2235,263424,7210M
P81605,0.205565217,252517,7210M
P81606,0.222958333,263640,7210M
P81607,0.197782609,252333,7210M
P81608,0.21775,263712,7210M
P81609,0.183173913,252563,7210M
P81610,0.207541667,263376,7210M
P81611,0.156173913,252563,7210M
P81612,0.183416667,263640,7210M
P81613,0.138363636,241318,7210M
P81614,0.158,252678,7210M
P81615,0.123,186728,7210M
P81616,0.135772727,241582,7210M
P81701,0.113333333,32937,7210M
P81702,0.113,32955,7210M
P83202,0.126,109990,7210A
P83203,0.032666667,33003,7210A
P83204,0.1193,110030,7210A
P83205,0.039666667,33003,7210A
P83206,0.1331,109990,7210A
P83207,0.077,32979,7210A
P83208,0.1359,109900,7210A
P83209,0.124777778,98901,7210A
P83210,0.1494,109890,7210A
P83211,0.137,98955,7210A
P83212,0.1687,109940,7210A
P83213,0.155111111,99018,7210A
P83214,0.1795,109910,7210A
P83215,0.1643,109950,7210A
P83216,0.1884,109890,7210A
P83301,0.1981,109910,7210A
P83302,0.2247,109930,7210A
P83303,0.2167,109820,7210A
P83304,0.2507,109830,7210A
P83305,0.22,109910,7210A
P83306,0.25134532,119437,7210A
P83307,0.275666667,98919,7210A
P83308,0.315777778,98847,7210A
P83309,0.2849,109910,7210M
P83310,0.30086147,119469,7210M
P83311,0.2673,109840,7210M
P83312,0.302105047,119404,7210M
P83313,0.2891,109730,7210M
P83314,0.327405136,119382,7210M
P83315,0.309476919,119404,7210M
P83316,0.369743638,119339,7210M
P83401,0.336845708,119436,7210M
P83402,0.395537689,119251,7210M
P83403,0.343227304,119285,7210M
P83404,0.41619272,119360,7210M
P83405,0.331452598,119404,7210M
P83406,0.388363773,119404,7210M
P83407,0.3227,109870,7210M
P83408,0.348760666,119306,7210M
P83409,0.322,109760,7210M
P83410,0.3428,109870,7210M
P83411,0.3015,109850,7210M
P83412,0.311806915,207132,7210M
P83413,0.318385873,207208,7210M
P83414,0.298,197532,7210M
P83415,0.308266352,207019,7210M
P83416,0.296823529,186796,7210M
P83501,0.303222222,197730,7210M
P83502,0.279967584,219676,7210M
P83503,0.2966,219740,7210M
P83504,0.2805,197568,7210M
P83505,0.299263158,208544,7210M
P83506,0.261944444,197766,7210M
P83507,0.261578947,208715,7210M
P83508,0.257611111,197730,7210M
P83509,0.2496,219620,7210M
P83510,0.254722222,197532,7210M
P83511,0.2518,219420,7210M
P83512,0.239555556,197784,7210M
P83513,0.236578947,208601,7210M
P83514,0.216294118,186745,7210M
P83515,0.226555556,197712,7210M
P83516,0.210588235,186592,7210M
P83601,0.225055556,197442,7210M
P83602,0.2105,175792,7210M
P83603,0.213882353,186677,7210M
P83604,0.1976,164775,7210M
P83605,0.201058824,186677,7210M
P83606,0.175375,175584,7210M
P83607,0.180045455,241362,7210M
P83608,0.1673125,175808,7210M
P83609,0.169227273,241538,7210M
P83610,0.150315789,208715,7210M
P83611,0.150863636,241648,7210M
P83612,0.131473684,208544,7210M
P83613,0.1335,241318,7210M
P83614,0.1195,109870,7210M
P83615,0.121714286,230601,7210M
P83616,0.107,32949,7210M
P83701,0.111333333,32952,7210M
P85117,0.1804,109600,7210A
P85201,0.2111,109620,7210A
P85202,0.1662,109530,7210A
P85203,0.2384,109640,7210A
P85204,0.1616,109600,7210A
P85205,0.2294,109600,7210A
P85206,0.1655,109720,7210A
P85207,0.1978,109720,7210A
P85208,0.1821,109610,7210A
P85209,0.2048,109710,7210A
P85210,0.1826,109700,7210A
P85211,0.2171,109660,7210A
P85212,0.1867,109650,7210A
P85213,0.2169,109700,7210A
P85214,0.1906,109630,7210A
P85215,0.2071,109690,7210A
P85216,0.1917,109690,7210A
P85301,0.21,109780,7210A
P85302,0.2043,109740,7210A
P85303,0.2422,109740,7210A
P85304,0.2382,109690,7210A
P85305,0.2987,109770,7210A
P85306,0.2723,109720,7210A
P85307,0.358111111,98766,7210A
P85308,0.335222222,98721,7210A
P85309,0.322641198,119219,7210M
P85310,0.340325442,119284,7210M
P85311,0.310673122,119393,7210M
P85312,0.326149062,119306,7210M
P85313,0.322633654,119360,7210M
P85314,0.313800853,119404,7210M
P85315,0.3467,109740,7210M
P85316,0.336431421,119285,7210M
P85401,0.3819,109860,7210M
P85402,0.373541815,119251,7210M
P85403,0.359820777,119382,7210M
P85404,0.376736568,119382,7210M
P85405,0.324205788,119273,7210M
P85406,0.353668057,119415,7210M
P85407,0.3084,109840,7210M
P85408,0.332704298,119252,7210M
P85409,0.28100005,218480,7210M
P85410,0.3202,109790,7210M
P85411,0.270947368,208411,7210M
P85412,0.287701654,229790,7210M
P85413,0.257277778,197712,7210M
P85414,0.2885,197568,7210M
P85415,0.2385,197622,7210M
P85416,0.268948068,208714,7210M
P85501,0.231823529,186507,7210M
P85502,0.257529085,208768,7210M
P85503,0.2235,175696,7210M
P85504,0.257111111,197532,7210M
P85505,0.2285625,175696,7210M
P85506,0.245941176,186745,7210M
P85507,0.238176471,186473,7210M
P85508,0.255941176,186779,7210M
P85509,0.23625,175744,7210M
P85510,0.242777778,197568,7210M
P85511,0.2275,175664,7210M
P85512,0.237941176,186745,7210M
P85513,0.211533333,164610,7210M
P85514,0.2228125,175808,7210M
P85515,0.1962,164820,7210M
P85516,0.2051875,175584,7210M
P85601,0.190466667,164715,7210M
P85602,0.209333333,164775,7210M
P85603,0.172357143,153566,7210M
P85604,0.200866667,164805,7210M
P85605,0.153692308,142792,7210M
P85606,0.175466667,164640,7210M
P85607,0.134333333,131748,7210M
P85608,0.160071429,153790,7210M
P85609,0.123111111,98766,7210M
P85610,0.142857143,153832,7210M
P85611,0.116857143,76916,7210M
P85612,0.129181818,120714,7210M
P85613,0.105666667,32955,7210M
P85614,0.117444444,98865,7210M
P85616,0.106,32961,7210M
P87117,0.1726,110080,7210A
P87118,0.1693,110050,7210A
P87201,0.1853,110040,7210A
P87202,0.1838,109970,7210A
P87203,0.2023,110070,7210A
P87204,0.2063,109920,7210A
P87205,0.2103,109930,7210A
P87206,0.2091,109990,7210A
P87207,0.2096,109970,7210A
P87208,0.2131,110010,7210A
P87209,0.223,110030,7210A
P87210,0.2142,109890,7210A
P87211,0.2215,109940,7210A
P87212,0.2134,110000,7210A
P87213,0.2243,110020,7210A
P87214,0.2135,109880,7210A
P87215,0.2193,109880,7210A
P87216,0.2205,109900,7210A
P87301,0.2143,109870,7210A
P87302,0.2109,109960,7210A
P87303,0.2198,109980,7210A
P87304,0.2375,109880,7210A
P87305,0.2713,109890,7210A
P87306,0.2746,109780,7210A
P87307,0.338111111,98937,7210A
P87308,0.288888889,98937,7210A
P87309,0.3327,109830,7210M
P87310,0.2626,109890,7210M
P87311,0.3014,109830,7210M
P87312,0.2504,109790,7210M
P87313,0.2715,109870,7210M
P87314,0.2376,109880,7210M
P87315,0.2802,109800,7210M
P87316,0.236,109850,7210M
P87401,0.3187,109850,7210M
P87402,0.2625,109800,7210M
P87403,0.3415,109810,7210M
P87404,0.2688,109740,7210M
P87405,0.321,109710,7210M
P87406,0.2618,109880,7210M
P87407,0.2872,109850,7210M
P87408,0.231518805,184925,7210M
P87409,0.245323667,207358,7210M
P87410,0.218294118,186592,7210M
P87411,0.233222222,197442,7210M
P87412,0.208625,175792,7210M
P87413,0.226411765,186677,7210M
P87414,0.208466667,164775,7210M
P87415,0.236235294,186677,7210M
P87416,0.222133333,164610,7210M
P87501,0.243176471,186507,7210M
P87502,0.230733333,164820,7210M
P87503,0.2205,175664,7210M
P87504,0.222266667,164775,7210M
P87505,0.199866667,164760,7210M
P87506,0.2078,164640,7210M
P87507,0.210625,175504,7210M
P87508,0.2046,164805,7210M
P87509,0.2179375,175696,7210M
P87510,0.197133333,164775,7210M
P87511,0.212,175696,7210M
P87512,0.19,153636,7210M
P87513,0.212071429,153538,7210M
P87514,0.181846154,142740,7210M
P87515,0.189428571,153790,7210M
P87516,0.167076923,142727,7210M
P87601,0.177071429,153874,7210M
P87602,0.149833333,131748,7210M
P87603,0.160307692,142597,7210M
P87604,0.1305,109870,7210M
P87605,0.138583333,131772,7210M
P87606,0.11,32949,7210M
P87607,0.1235,109840,7210M
P87608,0.103333333,32919,7210M
P87609,0.119,32919,7210M
P87610,0.11,32955,7210M
P87611,0.1232,54905,7210M
P87613,0.110333333,32943,7210M
P91117,0.157666667,98712,7210A
P91118,0.1659,109580,7210A
P91201,0.177555556,98613,7210A
P91202,0.1662,109600,7210A
P91203,0.166666667,98640,7210A
P91204,0.1638,109560,7210A
P91205,0.1559,109720,7210A
P91206,0.183,109600,7210A
P91207,0.1739,109650,7210A
P91208,0.1948,109650,7210A
P91209,0.1876,109680,7210A
P91210,0.2017,109560,7210A
P91211,0.1899,109680,7210A
P91212,0.2085,109690,7210A
P91213,0.2066,109700,7210A
P91214,0.2154,109700,7210A
P91215,0.2373,109700,7210A
P91216,0.2373,109630,7210A
P91301,0.244,109710,7210A
P91302,0.2367,109700,7210A
P91303,0.2193,109770,7210A
P91304,0.2244,109770,7210A
P91305,0.2052,109720,7210A
P91306,0.2419,109640,7210A
P91307,0.2103,109750,7210A
P91308,0.2661,109720,7210A
P91309,0.2223,109760,7210M
P91310,0.2465,109840,7210M
P91311,0.2252,109690,7210M
P91312,0.2463,109690,7210M
P91313,0.2125,109840,7210M
P91314,0.2332,109760,7210M
P91315,0.2056,109720,7210M
P91316,0.2275,109820,7210M
P91401,0.2105,109740,7210M
P91402,0.2317,109740,7210M
P91403,0.2079,109830,7210M
P91404,0.2352,109760,7210M
P91405,0.18563042,141401,7210M
P91406,0.2454,109850,7210M
P91407,0.181142857,153692,7210M
P91408,0.2165722,152452,7210M
P91409,0.180714286,153706,7210M
P91410,0.2044375,175584,7210M
P91411,0.184333333,164775,7210M
P91412,0.206733333,164775,7210M
P91413,0.1796,164715,7210M
P91414,0.203333333,164805,7210M
P91415,0.175071429,153762,7210M
P91416,0.1898,164640,7210M
P91501,0.178285714,153706,7210M
P91502,0.204785714,153790,7210M
P91503,0.199769231,142662,7210M
P91504,0.238214286,153832,7210M
P91505,0.220615385,142844,7210M
P91506,0.229357143,153636,7210M
P91507,0.208333333,131772,7210M
P91508,0.215285714,153790,7210M
P91509,0.197909091,120659,7210M
P91510,0.202692308,142831,7210M
P91511,0.180363636,120857,7210M
P91512,0.189333333,131712,7210M
P91513,0.1672,109850,7210M
P91514,0.175083333,131820,7210M
P91515,0.1381,109740,7210M
P91516,0.165090909,120791,7210M
P91601,0.114,32964,7210M
P91602,0.144,109710,7210M
P91603,0.109,32955,7210M
P91604,0.122333333,32955,7210M
P91606,0.112,32961,7210M
P93117,0.1285,110040,7210A
P93201,0.134444444,99018,7210A
P93202,0.1305,110060,7210A
P93203,0.149666667,98973,7210A
P93204,0.1306,110010,7210A
P93205,0.150125,87992,7210A
P93206,0.130142857,76972,7210A
P93207,0.148125,88008,7210A
P93208,0.1435,109980,7210A
P93209,0.159111111,99009,7210A
P93210,0.1753,109930,7210A
P93211,0.1744,109970,7210A
P93212,0.1797,109860,7210A
P93213,0.168888889,98892,7210A
P93214,0.1586,110020,7210A
P93215,0.1833,109950,7210A
P93216,0.1654,109870,7210A
P93301,0.1918,109910,7210A
P93302,0.1701,109840,7210A
P93303,0.2007,109900,7210A
P93304,0.1788,109880,7210A
P93305,0.1837,109920,7210A
P93306,0.1765,109890,7210A
P93307,0.181444444,98847,7210A
P93308,0.1626,109800,7210A
P93309,0.1844,109860,7210M
P93310,0.1479,109860,7210M
P93311,0.187,98811,7210M
P93312,0.1572,109830,7210M
P93313,0.1743,109850,7210M
P93314,0.1504,109780,7210M
P93315,0.171777778,98883,7210M
P93316,0.1423,109840,7210M
P93401,0.167666667,98811,7210M
P93402,0.1482,109830,7210M
P93403,0.1731,109830,7210M
P93404,0.147610911,120371,7210M
P93405,0.1535,109740,7210M
P93406,0.147916667,131832,7210M
P93407,0.154083333,131772,7210M
P93408,0.150333333,131796,7210M
P93409,0.149153846,142727,7210M
P93410,0.14775,131676,7210M
P93411,0.149769231,142662,7210M
P93412,0.159416667,131640,7210M
P93413,0.165857143,153664,7210M
P93414,0.159333333,131784,7210M
P93415,0.161571429,153790,7210M
P93416,0.134727273,120769,7210M
P93501,0.155846154,142662,7210M
P93502,0.1455,65910,7210M
P93503,0.16725,131604,7210M
P93504,0.15375,87856,7210M
P93505,0.168636364,120835,7210M
P93506,0.162875,87824,7210M
P93507,0.1887,109910,7210M
P93508,0.181142857,76867,7210M
P93509,0.1911,109690,7210M
P93510,0.179142857,76895,7210M
P93511,0.1907,109770,7210M
P93512,0.173,87800,7210M
P93513,0.1681,109870,7210M
P93514,0.155625,87776,7210M
P93515,0.143625,87808,7210M
P93516,0.106333333,32958,7210M
P93601,0.101333333,32955,7210M
P93602,0.075666667,32949,7210M
P93603,0.091666667,32964,7210M
