zone,year_month,datestring
611,201501,3
611,201503,3
611,201504,17
611,201505,19
611,201506,25
611,201507,33
611,201508,21
611,201509,44
611,201510,58
611,201511,63
611,201512,134
611,201601,118
611,201602,119
611,201603,28
611,201604,93
611,201605,77
611,201606,144
611,201607,110
611,201608,139
611,201609,101
611,201610,125
611,201611,151
611,201612,140
611,201701,129
611,201702,126
611,201703,204
611,201704,124
611,201705,181
611,201706,203
611,201707,172
611,201708,244
611,201709,165
611,201710,142
611,201711,160
611,201712,126
611,201801,128
611,201802,153
611,201803,166
611,201804,113
611,201805,122
611,201806,157
611,201807,185
611,201808,149
611,201809,126
611,201810,188
611,201811,198
611,201812,100
611,201901,192
611,201902,165
611,201903,128
611,201904,179
611,201905,195
611,201906,154
611,201907,216
611,201908,191
611,201909,162
611,201910,178
611,201911,156
611,201912,55
611,202001,123
611,202002,151
611,202003,140
611,202004,21
613,201411,2
613,201412,13
613,201501,21
613,201502,24
613,201503,71
613,201504,115
613,201505,130
613,201506,117
613,201507,81
613,201508,48
613,201509,102
613,201510,121
613,201511,135
613,201512,225
613,201601,187
613,201602,82
613,201603,103
613,201604,118
613,201605,108
613,201606,114
613,201607,156
613,201608,248
613,201609,202
613,201610,133
613,201611,284
613,201612,219
613,201701,213
613,201702,163
613,201703,218
613,201704,234
613,201705,257
613,201706,273
613,201707,126
613,201708,258
613,201709,225
613,201710,221
613,201711,231
613,201712,120
613,201801,173
613,201802,248
613,201803,226
613,201804,206
613,201805,190
613,201806,204
613,201807,204
613,201808,182
613,201809,175
613,201810,253
613,201811,224
613,201812,126
613,201901,232
613,201902,213
613,201903,190
613,201904,167
613,201905,243
613,201906,242
613,201907,287
613,201908,268
613,201909,144
613,201910,264
613,201911,206
613,201912,97
613,202001,198
613,202002,117
613,202003,176
613,202004,70
615,201407,1
615,201408,2
615,201410,9
615,201411,6
615,201412,31
615,201501,60
615,201502,99
615,201503,110
615,201504,129
615,201505,204
615,201506,175
615,201507,91
615,201508,99
615,201509,195
615,201510,151
615,201511,185
615,201512,265
615,201601,189
615,201602,186
615,201603,62
615,201604,133
615,201605,83
615,201607,4
615,201608,64
615,201609,162
615,201610,121
615,201611,137
615,201612,103
615,201701,109
615,201702,110
615,201703,24
615,201704,13
615,201705,25
615,201707,126
615,201708,166
615,201709,146
615,201710,149
615,201711,101
615,201712,78
615,201801,105
615,201802,153
615,201803,178
615,201804,100
615,201805,60
615,201806,110
615,201807,192
615,201808,217
615,201809,181
615,201810,223
615,201811,184
615,201812,171
615,201901,235
615,201902,202
615,201903,220
615,201904,209
615,201905,205
615,201906,159
615,201907,232
615,201908,167
615,201909,178
615,201910,191
615,201911,127
615,201912,119
615,202001,131
615,202002,117
615,202003,148
615,202004,47
617,201404,5
617,201406,5
617,201407,2
617,201408,7
617,201410,19
617,201411,15
617,201412,68
617,201501,70
617,201502,94
617,201503,148
617,201504,140
617,201505,233
617,201506,194
617,201507,168
617,201508,178
617,201509,217
617,201510,188
617,201511,188
617,201512,260
617,201601,236
617,201602,203
617,201603,113
617,201604,140
617,201605,176
617,201606,201
617,201607,297
617,201608,330
617,201609,321
617,201610,307
617,201611,389
617,201612,335
617,201701,259
617,201702,323
617,201703,255
617,201704,327
617,201705,263
617,201706,339
617,201707,279
617,201708,360
617,201709,254
617,201710,213
617,201711,319
617,201712,254
617,201801,303
617,201802,261
617,201803,273
617,201804,261
617,201805,270
617,201806,315
617,201807,251
617,201808,270
617,201809,220
617,201810,315
617,201811,148
617,201812,199
617,201901,260
617,201902,248
617,201903,295
617,201904,304
617,201905,388
617,201906,270
617,201907,375
617,201908,318
617,201909,336
617,201910,282
617,201911,262
617,201912,195
617,202001,186
617,202002,183
617,202003,152
617,202004,39
621,201402,1
621,201403,3
621,201404,5
621,201405,5
621,201406,15
621,201407,9
621,201408,14
621,201409,6
621,201410,32
621,201411,24
621,201412,153
621,201501,170
621,201502,154
621,201503,177
621,201504,193
621,201505,263
621,201506,213
621,201507,157
621,201508,177
621,201509,204
621,201510,181
621,201511,233
621,201512,309
621,201601,230
621,201602,141
621,201603,41
621,201604,191
621,201605,171
621,201606,273
621,201607,308
621,201608,363
621,201609,291
621,201610,294
621,201611,348
621,201612,335
621,201701,195
621,201702,198
621,201703,376
621,201704,286
621,201705,361
621,201706,228
621,201707,276
621,201708,364
621,201709,306
621,201710,304
621,201711,346
621,201712,203
621,201801,304
621,201802,316
621,201803,351
621,201804,292
621,201805,320
621,201806,309
621,201807,344
621,201808,362
621,201809,289
621,201810,275
621,201811,358
621,201812,288
621,201901,357
621,201902,273
621,201903,262
621,201904,293
621,201905,374
621,201906,355
621,201907,426
621,201908,327
621,201909,309
621,201910,338
621,201911,256
621,201912,221
621,202001,217
621,202002,236
621,202003,189
621,202004,63
623,201401,2
623,201402,3
623,201403,7
623,201404,1
623,201405,11
623,201406,14
623,201407,24
623,201408,20
623,201409,16
623,201410,26
623,201411,52
623,201412,157
623,201501,164
623,201502,117
623,201503,146
623,201504,213
623,201505,249
623,201506,184
623,201507,160
623,201508,168
623,201509,203
623,201510,246
623,201511,216
623,201512,313
623,201601,200
623,201602,141
623,201603,98
623,201604,134
623,201605,205
623,201606,248
623,201607,333
623,201608,174
623,201609,291
623,201610,266
623,201611,369
623,201612,333
623,201701,359
623,201702,248
623,201703,357
623,201704,287
623,201705,305
623,201706,291
623,201707,286
623,201708,285
623,201709,280
623,201710,196
623,201711,325
623,201712,248
623,201801,263
623,201802,306
623,201803,327
623,201804,270
623,201805,289
623,201806,343
623,201807,305
623,201808,319
623,201809,254
623,201810,315
623,201811,390
623,201812,284
623,201901,212
623,201902,223
623,201903,266
623,201904,329
623,201905,358
623,201906,322
623,201907,433
623,201908,374
623,201909,334
623,201910,336
623,201911,220
623,201912,237
623,202001,237
623,202002,200
623,202003,216
623,202004,57
625,201310,3
625,201311,1
625,201401,3
625,201402,9
625,201403,7
625,201404,9
625,201405,11
625,201406,7
625,201407,25
625,201408,29
625,201409,29
625,201410,28
625,201411,32
625,201412,150
625,201501,120
625,201502,149
625,201503,135
625,201504,124
625,201505,283
625,201506,108
625,201507,137
625,201508,164
625,201509,221
625,201510,213
625,201511,257
625,201512,317
625,201601,251
625,201602,149
625,201603,94
625,201604,182
625,201605,156
625,201606,218
625,201607,234
625,201608,260
625,201609,240
625,201610,297
625,201611,225
625,201612,325
625,201701,294
625,201702,274
625,201703,254
625,201704,175
625,201705,249
625,201706,337
625,201707,277
625,201708,276
625,201709,235
625,201710,259
625,201711,255
625,201712,226
625,201801,257
625,201802,277
625,201803,252
625,201804,231
625,201805,207
625,201806,296
625,201807,260
625,201808,263
625,201809,217
625,201810,88
625,201811,268
625,201812,268
625,201901,333
625,201902,201
625,201903,186
625,201904,229
625,201905,300
625,201906,158
625,201907,220
625,201908,270
625,201909,241
625,201910,351
625,201911,168
625,201912,139
625,202001,255
625,202002,237
625,202003,270
625,202004,69
627,201311,1
627,201401,12
627,201402,16
627,201403,5
627,201404,10
627,201405,15
627,201407,29
627,201408,34
627,201409,15
627,201410,36
627,201411,51
627,201412,187
627,201501,152
627,201502,188
627,201503,122
627,201504,172
627,201505,236
627,201506,11
627,201507,65
627,201508,148
627,201509,208
627,201510,185
627,201511,188
627,201512,286
627,201601,196
627,201602,136
627,201603,133
627,201604,72
627,201605,132
627,201606,232
627,201607,260
627,201608,215
627,201609,236
627,201610,231
627,201611,255
627,201612,240
627,201701,255
627,201702,168
627,201703,316
627,201704,302
627,201705,272
627,201706,260
627,201707,200
627,201708,286
627,201709,252
627,201710,268
627,201711,289
627,201712,203
627,201801,189
627,201802,211
627,201803,269
627,201804,207
627,201805,236
627,201806,260
627,201807,160
627,201808,193
627,201809,181
627,201810,187
627,201811,215
627,201812,223
627,201901,286
627,201902,240
627,201903,235
627,201904,236
627,201905,362
627,201906,216
627,201907,265
627,201908,252
627,201909,264
627,201910,231
627,201911,142
627,201912,149
627,202001,156
627,202002,144
627,202003,238
627,202004,78
631,200106,42
631,200107,37
631,200108,116
631,200109,131
631,200110,79
631,200111,54
631,200112,42
631,200201,71
631,200202,70
631,200203,16
631,200204,27
631,200205,42
631,200206,27
631,200207,49
631,200208,55
631,200209,60
631,200210,42
631,201307,6
631,201308,25
631,201310,1
631,201401,5
631,201402,5
631,201403,2
631,201404,1
631,201405,7
631,201407,14
631,201408,19
631,201409,6
631,201410,20
631,201411,29
631,201412,87
631,201501,67
631,201502,78
631,201503,25
631,201504,60
631,201505,92
631,201506,36
631,201507,62
631,201508,48
631,201509,71
631,201510,117
631,201511,100
631,201512,210
631,201601,109
631,201602,85
631,201603,32
631,201604,24
631,201605,65
631,201606,8
631,201607,1
631,201610,188
631,201611,103
631,201612,141
631,201701,148
631,201702,150
631,201703,122
631,201704,114
631,201705,119
631,201706,138
631,201707,81
631,201708,65
631,201709,70
631,201710,116
631,201711,49
631,201712,47
631,201801,35
631,201802,67
631,201803,41
631,201804,6
631,201805,25
631,201806,5
631,201807,35
631,201808,51
631,201809,46
631,201810,24
631,201811,40
631,201812,38
631,201908,11
631,201910,36
631,201911,40
633,200106,79
633,200107,75
633,200108,190
633,200109,227
633,200110,169
633,200111,226
633,200112,150
633,200201,140
633,200202,141
633,200203,42
633,200204,87
633,200205,95
633,200206,88
633,200207,123
633,200208,145
633,200209,131
633,200210,115
633,200211,34
633,200904,6
633,200905,1
633,200906,4
633,201506,14
633,201507,28
633,201508,41
635,200106,104
635,200107,92
635,200108,224
635,200109,301
635,200110,336
635,200111,339
635,200112,206
635,200201,206
635,200202,163
635,200203,163
635,200204,100
635,200205,204
635,200206,191
635,200207,165
635,200208,148
635,200209,162
635,200210,160
635,200211,154
635,200212,94
635,200301,7
635,200702,7
635,200703,84
635,200704,191
635,200705,362
635,200706,209
635,200707,88
635,200708,200
635,200709,280
635,200710,112
637,200106,83
637,200107,64
637,200108,152
637,200109,278
637,200110,284
637,200111,271
637,200112,202
637,200201,250
637,200202,194
637,200203,165
637,200204,105
637,200205,190
637,200206,189
637,200207,149
637,200208,171
637,200209,171
637,200210,158
637,200211,137
637,200212,134
637,200301,90
637,200302,8
641,200106,117
641,200107,98
641,200108,172
641,200109,317
641,200110,341
641,200111,404
641,200112,329
641,200201,400
641,200202,272
641,200203,358
641,200204,379
641,200205,332
641,200206,328
641,200207,337
641,200208,253
641,200209,203
641,200210,205
641,200211,165
641,200212,136
641,200301,85
641,200302,56
641,200303,18
641,200304,17
641,200505,27
641,200506,299
641,200507,110
641,200508,121
641,200509,331
641,200510,288
641,200511,87
641,200512,74
641,200601,31
643,200106,86
643,200107,64
643,200108,47
643,200109,162
643,200110,365
643,200111,399
643,200112,340
643,200201,409
643,200202,294
643,200203,388
643,200204,431
643,200205,422
643,200206,373
643,200207,414
643,200208,343
643,200209,259
643,200210,219
643,200211,204
643,200212,185
643,200301,134
643,200302,110
643,200303,82
643,200304,82
643,200305,44
643,200306,41
643,200307,15
643,200308,12
643,200309,18
643,200407,52
643,200408,10
643,200410,33
643,200411,82
643,200412,65
643,200501,46
643,200502,125
643,200503,144
643,200504,94
643,200505,65
643,200506,136
643,200507,46
643,200508,112
643,200509,36
645,200106,35
645,200107,28
645,200108,28
645,200109,46
645,200110,174
645,200111,101
645,200112,163
645,200201,144
645,200202,148
645,200203,170
645,200204,181
645,200205,188
645,200206,241
645,200207,264
645,200208,188
645,200209,260
645,200210,236
645,200211,253
645,200212,278
645,200301,258
645,200302,266
645,200303,211
645,200304,229
645,200305,221
645,200306,183
645,200307,173
645,200308,169
645,200309,141
645,200310,109
645,200311,76
645,200312,134
645,200401,40
645,200402,46
645,200403,10
645,200405,7
645,200406,28
645,200407,41
645,200408,31
645,200409,193
645,200410,194
645,200411,274
645,200412,259
645,200501,107
645,200502,108
645,200503,144
645,200504,101
645,200505,87
645,200506,10
647,200106,12
647,200107,13
647,200108,11
647,200109,5
647,200110,7
647,200111,8
647,200112,13
647,200201,2
647,200203,9
647,200204,24
647,200205,83
647,200206,83
647,200207,102
647,200208,120
647,200209,152
647,200210,123
647,200211,251
647,200212,258
647,200301,343
647,200302,339
647,200303,290
647,200304,325
647,200305,368
647,200306,269
647,200307,254
647,200308,314
647,200309,268
647,200310,172
647,200311,114
647,200312,97
647,200401,80
647,200402,69
647,200403,82
647,200404,40
647,200405,62
647,200406,57
647,200408,2
647,200409,3
647,200410,2
647,200411,1
647,200502,42
647,200503,88
651,200111,1
651,200112,1
651,200204,2
651,200205,10
651,200206,12
651,200207,25
651,200208,14
651,200209,16
651,200210,65
651,200211,138
651,200212,221
651,200301,207
651,200302,296
651,200303,293
651,200304,345
651,200305,396
651,200306,344
651,200307,315
651,200308,333
651,200309,388
651,200310,302
651,200311,319
651,200312,391
651,200401,325
651,200402,246
651,200403,121
651,200404,131
651,200405,186
651,200406,127
651,200407,137
651,200408,109
651,200409,80
651,200410,99
651,200411,99
651,200412,77
651,200501,8
653,200205,7
653,200206,7
653,200207,8
653,200208,2
653,200209,4
653,200210,17
653,200211,18
653,200212,64
653,200301,127
653,200302,136
653,200303,111
653,200304,282
653,200305,401
653,200306,395
653,200307,321
653,200308,345
653,200309,381
653,200310,459
653,200311,457
653,200312,398
653,200401,354
653,200402,372
653,200403,421
653,200404,388
653,200405,356
653,200406,364
653,200407,330
653,200408,228
653,200409,137
653,200410,124
653,200411,108
653,200412,97
653,200501,63
655,200206,1
655,200207,2
655,200211,8
655,200212,7
655,200301,12
655,200302,17
655,200303,17
655,200304,89
655,200305,194
655,200306,187
655,200307,242
655,200308,386
655,200309,317
655,200310,361
655,200311,332
655,200312,381
655,200401,366
655,200402,382
655,200403,448
655,200404,459
655,200405,435
655,200406,423
655,200407,387
655,200408,459
655,200409,399
655,200410,341
655,200411,299
655,200412,168
655,200501,95
655,200502,36
661,200302,7
661,200303,8
661,200304,9
661,200305,4
661,200306,35
661,200307,85
661,200308,226
661,200309,179
661,200310,278
661,200311,369
661,200312,292
661,200401,320
661,200402,351
661,200403,424
661,200404,409
661,200405,391
661,200406,381
661,200407,341
661,200408,421
661,200409,363
661,200410,350
661,200411,349
661,200412,362
661,200501,202
661,200502,109
661,200503,88
661,200504,58
661,200505,68
661,200506,81
661,200507,53
661,200508,70
661,200509,29
663,200305,1
663,200306,9
663,200307,11
663,200308,9
663,200309,38
663,200310,154
663,200311,202
663,200312,228
663,200401,346
663,200402,247
663,200403,330
663,200404,334
663,200405,406
663,200406,367
663,200407,346
663,200408,433
663,200409,347
663,200410,360
663,200411,418
663,200412,433
663,200501,404
663,200502,325
663,200503,317
663,200504,340
663,200505,275
663,200506,341
663,200507,233
663,200508,262
663,200509,218
663,200510,129
663,200511,38
663,200512,17
665,200203,30
665,200204,83
665,200205,79
665,200206,32
665,200208,10
665,200209,3
665,200301,16
665,200307,4
665,200308,7
665,200309,14
665,200310,11
665,200311,19
665,200312,103
665,200401,157
665,200402,157
665,200403,267
665,200404,284
665,200405,390
665,200406,317
665,200407,285
665,200408,381
665,200409,337
665,200410,274
665,200411,382
665,200412,349
665,200501,392
665,200502,351
665,200503,321
665,200504,369
665,200505,351
665,200506,382
665,200507,290
665,200508,423
665,200509,349
665,200510,384
665,200511,238
665,200512,264
665,200601,362
665,200602,267
665,200603,257
665,200604,220
665,200605,159
665,200606,240
665,200607,245
665,200608,221
665,200609,126
665,200610,68
667,200204,8
671,200308,2
671,200309,2
671,200310,1
671,200311,13
671,200312,10
671,200401,4
671,200402,47
671,200403,82
671,200404,147
671,200405,189
671,200406,208
671,200407,210
671,200408,296
671,200409,351
671,200410,220
671,200411,276
671,200412,356
671,200501,393
671,200502,334
671,200503,356
671,200504,346
671,200505,368
671,200506,373
671,200507,325
671,200508,323
671,200509,327
671,200510,368
671,200511,307
671,200512,272
671,200601,418
671,200602,344
671,200603,363
671,200604,395
671,200605,268
671,200606,309
671,200607,221
671,200608,223
671,200609,135
671,200610,102
671,200611,117
671,200612,4
673,200401,2
673,200402,9
673,200403,4
673,200404,5
673,200406,33
673,200407,104
673,200408,159
673,200409,175
673,200410,117
673,200411,218
673,200412,333
673,200501,413
673,200502,348
673,200503,292
673,200504,357
673,200505,356
673,200506,357
673,200507,315
673,200508,308
673,200509,303
673,200510,373
673,200511,280
673,200512,244
673,200601,435
673,200602,282
673,200603,324
673,200604,357
673,200605,291
673,200606,299
673,200607,229
673,200608,248
673,200609,185
673,200610,241
673,200611,236
673,200612,244
673,200701,153
673,200702,146
675,200406,9
675,200407,13
675,200409,6
675,200410,21
675,200411,85
675,200412,243
675,200501,455
675,200502,332
675,200503,258
675,200504,341
675,200505,322
675,200506,251
675,200507,309
675,200508,406
675,200509,295
675,200510,364
675,200511,246
675,200512,219
675,200601,144
675,200602,362
675,200603,377
675,200604,424
675,200605,401
675,200606,370
675,200607,387
675,200608,380
675,200609,242
675,200610,338
675,200611,234
675,200612,151
675,200701,92
675,200702,72
677,200407,2
677,200410,9
677,200411,49
677,200412,245
677,200501,358
677,200502,319
677,200503,281
677,200504,303
677,200505,308
677,200506,362
677,200507,284
677,200508,347
677,200509,270
677,200510,347
677,200511,212
677,200512,194
677,200601,331
677,200602,302
677,200603,381
677,200604,367
677,200605,389
677,200606,312
677,200607,277
677,200608,295
677,200609,185
677,200610,326
677,200611,288
677,200612,243
677,200701,154
677,200702,67
677,200703,27
P67,200711,2
P67,200801,14
P67,200808,14
P67,200809,51
P67,200810,54
P67,200811,18
P67,200812,37
P67,200901,59
P67,200902,73
P67,200903,78
P67,200904,10
P67,200905,15
P67,200906,29
P67,200907,82
P67,200908,27
P67,200909,52
P67,200910,103
P67,200911,238
P67,200912,195
P67,201001,205
P67,201002,283
P67,201003,337
P67,201004,41
P67,201005,352
P67,201006,352
P67,201007,327
P67,201008,310
P67,201009,331
P67,201010,290
P67,201011,244
P67,201012,317
P67,201101,331
P67,201102,266
P67,201103,366
P67,201104,282
P67,201105,456
P67,201106,483
P67,201107,514
P67,201108,466
P67,201109,501
P67,201110,421
P67,201111,452
P67,201112,518
P67,201201,395
P67,201202,427
P67,201203,346
P67,201204,409
P67,201205,442
P67,201206,505
P67,201207,519
P67,201208,462
P67,201209,412
P67,201210,499
P67,201211,371
P67,201212,345
P67,201301,506
P67,201302,458
P67,201303,453
P67,201304,461
P67,201305,438
P67,201306,483
P67,201307,511
P67,201308,457
P67,201309,431
P67,201310,450
P67,201311,419
P67,201312,450
P67,201401,424
P67,201402,413
P67,201403,421
P67,201404,498
P67,201405,507
P67,201406,419
P67,201407,395
P67,201408,372
P67,201409,351
P67,201410,374
P67,201411,361
P67,201412,379
P67,201501,359
P67,201502,352
P67,201503,286
P67,201504,330
P67,201505,296
P67,201506,309
P67,201507,272
P67,201508,277
P67,201509,315
P67,201510,204
P67,201511,159
P67,201512,226
P67,201601,95
P67,201602,149
P67,201603,196
P67,201604,176
P67,201605,193
P67,201606,35
P67,201803,53
P67,201804,119
P67,201805,138
P67,201807,92
P67,201808,175
P67,201809,142
P67,201810,172
P67,201811,156
P67,201812,131
P67,201901,142
P67,201902,167
P67,201903,202
P67,201904,176
P67,201905,197
P67,201906,143
P67,201907,121
P67,201908,6
P67,202001,60
P67,202002,109
P67,202003,156
P67,202004,51
P71,200710,3
P71,200711,14
P71,200801,11
P71,200802,1
P71,200803,20
P71,200804,28
P71,200805,22
P71,200806,15
P71,200807,1
P71,200808,26
P71,200809,117
P71,200810,86
P71,200811,43
P71,200812,113
P71,200901,111
P71,200902,104
P71,200903,82
P71,200904,16
P71,200905,14
P71,200906,25
P71,200907,80
P71,200908,77
P71,200909,95
P71,200910,153
P71,200911,253
P71,200912,206
P71,201001,331
P71,201002,243
P71,201003,395
P71,201004,62
P71,201005,364
P71,201006,374
P71,201007,212
P71,201008,307
P71,201009,250
P71,201010,294
P71,201011,274
P71,201012,257
P71,201101,306
P71,201102,305
P71,201103,413
P71,201104,414
P71,201105,538
P71,201106,555
P71,201107,528
P71,201108,464
P71,201109,547
P71,201110,468
P71,201111,514
P71,201112,550
P71,201201,427
P71,201202,543
P71,201203,476
P71,201204,400
P71,201205,515
P71,201206,516
P71,201207,520
P71,201208,479
P71,201209,485
P71,201210,533
P71,201211,399
P71,201212,459
P71,201301,515
P71,201302,459
P71,201303,491
P71,201304,562
P71,201305,554
P71,201306,534
P71,201307,540
P71,201308,479
P71,201309,435
P71,201310,517
P71,201311,467
P71,201312,495
P71,201401,492
P71,201402,474
P71,201403,483
P71,201404,534
P71,201405,548
P71,201406,501
P71,201407,506
P71,201408,435
P71,201409,393
P71,201410,362
P71,201411,328
P71,201412,381
P71,201501,382
P71,201502,330
P71,201503,292
P71,201504,349
P71,201505,348
P71,201506,310
P71,201507,325
P71,201508,338
P71,201509,285
P71,201510,170
P71,201511,177
P71,201512,208
P71,201601,70
P71,201602,113
P71,201603,88
P71,201604,127
P71,201605,125
P71,201606,37
P71,201803,41
P71,201804,152
P71,201805,153
P71,201806,16
P71,201807,92
P71,201808,166
P71,201809,120
P71,201810,155
P71,201811,128
P71,201812,127
P71,201901,155
P71,201902,183
P71,201903,156
P71,201904,169
P71,201905,168
P71,201906,129
P71,201907,143
P71,201908,28
P71,201910,13
P71,201912,4
P71,202001,32
P71,202002,41
P71,202003,108
P71,202004,63
P73,200705,2
P73,200706,2
P73,200708,3
P73,200710,14
P73,200711,33
P73,200712,33
P73,200801,11
P73,200802,23
P73,200803,63
P73,200804,86
P73,200805,75
P73,200806,55
P73,200807,82
P73,200808,78
P73,200809,188
P73,200810,152
P73,200811,30
P73,200812,143
P73,200901,151
P73,200902,168
P73,200903,134
P73,200904,19
P73,200905,104
P73,200906,138
P73,200907,173
P73,200908,200
P73,200909,194
P73,200910,253
P73,200911,328
P73,200912,353
P73,201001,371
P73,201002,390
P73,201003,294
P73,201004,13
P73,201005,114
P73,201006,67
P73,201011,3
P73,201012,4
P73,201103,204
P73,201104,308
P73,201105,286
P73,201106,412
P73,201107,493
P73,201108,397
P73,201109,432
P73,201110,321
P73,201111,291
P73,201112,457
P73,201201,483
P73,201202,473
P73,201203,441
P73,201204,355
P73,201205,519
P73,201206,391
P73,201207,566
P73,201208,357
P73,201209,442
P73,201210,524
P73,201211,343
P73,201212,412
P73,201301,490
P73,201302,428
P73,201303,454
P73,201304,457
P73,201305,536
P73,201306,469
P73,201307,482
P73,201308,344
P73,201309,390
P73,201310,408
P73,201311,381
P73,201312,532
P73,201401,503
P73,201402,497
P73,201403,463
P73,201404,338
P73,201405,544
P73,201406,492
P73,201407,445
P73,201408,307
P73,201409,402
P73,201410,425
P73,201411,383
P73,201412,421
P73,201501,367
P73,201502,333
P73,201503,252
P73,201504,331
P73,201505,256
P73,201506,240
P73,201507,217
P73,201508,237
P73,201509,172
P73,201510,34
P73,201511,101
P73,201512,116
P73,201601,67
P73,201602,71
P73,201603,40
P73,201604,89
P73,201605,116
P73,201606,28
P73,201612,62
P73,201701,74
P73,201702,90
P73,201803,58
P73,201804,85
P73,201805,97
P73,201806,56
P73,201807,52
P73,201808,72
P73,201809,81
P73,201810,116
P73,201811,32
P73,201812,74
P73,201901,107
P73,201902,59
P73,201903,107
P73,201904,58
P73,201905,61
P73,201910,14
P73,201912,14
P73,202001,12
P73,202002,15
P73,202003,56
P73,202004,35
P75,200408,2
P75,200412,1
P75,200501,13
P75,200502,2
P75,200503,10
P75,200504,48
P75,200505,104
P75,200506,95
P75,200507,86
P75,200508,127
P75,200509,135
P75,200510,130
P75,200511,104
P75,200512,92
P75,200601,135
P75,200602,129
P75,200603,141
P75,200604,163
P75,200605,191
P75,200606,150
P75,200607,157
P75,200608,165
P75,200609,127
P75,200610,188
P75,200611,177
P75,200612,189
P75,200701,144
P75,200702,186
P75,200703,215
P75,200704,225
P75,200705,242
P75,200706,236
P75,200707,162
P75,200708,197
P75,200709,220
P75,200710,235
P75,200711,252
P75,200712,266
P75,200801,181
P75,200802,142
P75,200803,205
P75,200804,245
P75,200805,254
P75,200806,241
P75,200807,261
P75,200808,275
P75,200809,299
P75,200810,316
P75,200811,82
P75,200812,321
P75,200901,344
P75,200902,239
P75,200903,303
P75,200904,286
P75,200905,242
P75,200906,309
P75,200907,341
P75,200908,387
P75,200909,336
P75,200910,329
P75,200911,370
P75,200912,417
P75,201001,465
P75,201002,485
P75,201003,488
P75,201004,67
P75,201005,427
P75,201006,499
P75,201007,466
P75,201008,548
P75,201009,520
P75,201010,457
P75,201011,465
P75,201012,457
P75,201101,476
P75,201102,332
P75,201103,542
P75,201104,502
P75,201105,653
P75,201106,648
P75,201107,734
P75,201108,666
P75,201109,635
P75,201110,559
P75,201111,607
P75,201112,662
P75,201201,615
P75,201202,580
P75,201203,580
P75,201204,567
P75,201205,661
P75,201206,643
P75,201207,627
P75,201208,643
P75,201209,606
P75,201210,634
P75,201211,557
P75,201212,553
P75,201301,564
P75,201302,556
P75,201303,460
P75,201304,567
P75,201305,549
P75,201306,524
P75,201307,566
P75,201308,481
P75,201309,457
P75,201310,616
P75,201311,625
P75,201312,643
P75,201401,573
P75,201402,548
P75,201403,579
P75,201404,588
P75,201405,604
P75,201406,598
P75,201407,517
P75,201408,498
P75,201409,349
P75,201410,376
P75,201411,273
P75,201412,373
P75,201501,398
P75,201502,360
P75,201503,323
P75,201504,324
P75,201505,302
P75,201506,247
P75,201507,254
P75,201508,256
P75,201509,229
P75,201510,100
P75,201511,91
P75,201512,133
P75,201601,63
P75,201602,47
P75,201603,69
P75,201604,118
P75,201605,114
P75,201606,17
P75,201610,53
P75,201611,110
P75,201612,65
P75,201701,60
P75,201702,77
P75,201703,7
P75,201711,19
P75,201712,82
P75,201801,79
P75,201802,30
P75,201803,6
P75,201804,15
P75,201805,5
P75,201806,1
P75,201810,3
P75,201811,5
P75,201812,12
P75,201901,36
P75,201902,10
P75,201903,12
P75,201904,18
P75,201910,14
P75,201911,10
P75,201912,20
P75,202001,18
P75,202002,18
P75,202003,79
P75,202004,50
P77,200501,20
P77,200502,32
P77,200503,18
P77,200504,55
P77,200505,190
P77,200506,201
P77,200507,176
P77,200508,205
P77,200509,184
P77,200510,239
P77,200511,194
P77,200512,223
P77,200601,238
P77,200602,257
P77,200603,285
P77,200604,357
P77,200605,344
P77,200606,250
P77,200607,318
P77,200608,397
P77,200609,267
P77,200610,330
P77,200611,323
P77,200612,262
P77,200701,340
P77,200702,390
P77,200703,544
P77,200704,485
P77,200705,502
P77,200706,417
P77,200707,347
P77,200708,383
P77,200709,458
P77,200710,501
P77,200711,488
P77,200712,368
P77,200801,350
P77,200802,291
P77,200803,409
P77,200804,370
P77,200805,385
P77,200806,444
P77,200807,471
P77,200808,504
P77,200809,519
P77,200810,499
P77,200811,122
P77,200812,379
P77,200901,453
P77,200902,358
P77,200903,400
P77,200904,466
P77,200905,259
P77,200906,334
P77,200907,375
P77,200908,443
P77,200909,388
P77,200910,399
P77,200911,439
P77,200912,502
P77,201001,546
P77,201002,484
P77,201003,536
P77,201004,495
P77,201005,467
P77,201006,466
P77,201007,489
P77,201008,393
P77,201009,540
P77,201010,526
P77,201011,412
P77,201012,505
P77,201101,510
P77,201102,319
P77,201103,522
P77,201104,461
P77,201105,570
P77,201106,569
P77,201107,583
P77,201108,539
P77,201109,525
P77,201110,471
P77,201111,420
P77,201112,561
P77,201201,604
P77,201202,582
P77,201203,534
P77,201204,537
P77,201205,606
P77,201206,587
P77,201207,603
P77,201208,617
P77,201209,560
P77,201210,611
P77,201211,485
P77,201212,407
P77,201301,560
P77,201302,496
P77,201303,478
P77,201304,484
P77,201305,504
P77,201306,486
P77,201307,490
P77,201308,490
P77,201309,481
P77,201310,553
P77,201311,496
P77,201312,556
P77,201401,470
P77,201402,472
P77,201403,458
P77,201404,552
P77,201405,532
P77,201406,458
P77,201407,461
P77,201408,397
P77,201409,417
P77,201410,435
P77,201411,353
P77,201412,393
P77,201501,330
P77,201502,338
P77,201503,311
P77,201504,300
P77,201505,335
P77,201506,243
P77,201507,225
P77,201508,201
P77,201509,204
P77,201510,108
P77,201511,81
P77,201512,120
P77,201601,46
P77,201602,73
P77,201603,47
P77,201604,61
P77,201605,73
P77,201606,15
P77,201610,40
P77,201611,43
P77,201612,4
P77,201711,14
P77,201712,66
P77,201801,82
P77,201802,41
P77,201805,4
P77,201806,21
P77,201807,22
P77,201808,4
P77,201903,17
P77,201904,11
P77,201907,4
P77,201910,8
P77,201911,13
P77,201912,9
P77,202001,12
P77,202002,13
P77,202003,56
P77,202004,43
P81,200501,3
P81,200502,10
P81,200503,4
P81,200504,31
P81,200505,78
P81,200506,135
P81,200507,113
P81,200508,145
P81,200509,168
P81,200510,191
P81,200511,146
P81,200512,138
P81,200601,195
P81,200602,193
P81,200603,258
P81,200604,304
P81,200605,293
P81,200606,299
P81,200607,268
P81,200608,230
P81,200609,161
P81,200610,322
P81,200611,297
P81,200612,316
P81,200701,314
P81,200702,385
P81,200703,504
P81,200704,482
P81,200705,542
P81,200706,467
P81,200707,557
P81,200708,554
P81,200709,498
P81,200710,578
P81,200711,603
P81,200712,416
P81,200801,499
P81,200802,316
P81,200803,441
P81,200804,421
P81,200805,440
P81,200806,466
P81,200807,540
P81,200808,592
P81,200809,358
P81,200810,330
P81,200811,98
P81,200812,345
P81,200901,345
P81,200902,255
P81,200903,356
P81,200904,360
P81,200905,217
P81,200906,293
P81,200907,284
P81,200908,339
P81,200909,296
P81,200910,353
P81,200911,359
P81,200912,421
P81,201001,433
P81,201002,414
P81,201003,476
P81,201004,440
P81,201005,390
P81,201006,393
P81,201007,414
P81,201008,480
P81,201009,548
P81,201010,516
P81,201011,451
P81,201012,497
P81,201101,511
P81,201102,317
P81,201103,467
P81,201104,379
P81,201105,332
P81,201106,433
P81,201107,544
P81,201108,457
P81,201109,435
P81,201110,416
P81,201111,503
P81,201112,627
P81,201201,654
P81,201202,575
P81,201203,546
P81,201204,591
P81,201205,637
P81,201206,571
P81,201207,661
P81,201208,602
P81,201209,557
P81,201210,605
P81,201211,520
P81,201212,496
P81,201301,544
P81,201302,454
P81,201303,425
P81,201304,489
P81,201305,410
P81,201306,471
P81,201307,486
P81,201308,370
P81,201309,386
P81,201310,466
P81,201311,410
P81,201312,477
P81,201401,409
P81,201402,317
P81,201403,336
P81,201404,270
P81,201405,413
P81,201406,356
P81,201407,394
P81,201408,399
P81,201409,385
P81,201410,378
P81,201411,333
P81,201412,355
P81,201501,347
P81,201502,302
P81,201503,244
P81,201504,205
P81,201505,231
P81,201506,237
P81,201507,224
P81,201508,207
P81,201509,150
P81,201510,106
P81,201511,102
P81,201512,136
P81,201601,29
P81,201602,68
P81,201603,94
P81,201604,74
P81,201605,71
P81,201606,17
P81,201610,19
P81,201611,46
P81,201612,50
P81,201701,44
P81,201702,50
P81,201703,3
P81,201711,11
P81,201712,63
P81,201801,60
P81,201802,18
P81,201904,9
P81,201905,8
P81,201907,10
P81,201908,3
P81,201910,23
P81,201911,25
P81,201912,24
P81,202001,31
P81,202002,30
P81,202003,84
P81,202004,50
P83,200502,1
P83,200503,4
P83,200504,9
P83,200505,29
P83,200506,53
P83,200507,47
P83,200508,58
P83,200509,126
P83,200510,148
P83,200511,148
P83,200512,132
P83,200601,199
P83,200602,92
P83,200603,131
P83,200604,211
P83,200605,278
P83,200606,280
P83,200607,218
P83,200608,232
P83,200609,189
P83,200610,257
P83,200611,323
P83,200612,241
P83,200701,311
P83,200702,333
P83,200703,467
P83,200704,432
P83,200705,492
P83,200706,492
P83,200707,516
P83,200708,525
P83,200709,522
P83,200710,551
P83,200711,481
P83,200712,331
P83,200801,425
P83,200802,283
P83,200803,420
P83,200804,404
P83,200805,484
P83,200806,374
P83,200807,551
P83,200808,569
P83,200809,513
P83,200810,504
P83,200811,86
P83,200812,438
P83,200901,411
P83,200902,304
P83,200903,430
P83,200904,466
P83,200905,263
P83,200906,327
P83,200907,315
P83,200908,387
P83,200909,311
P83,200910,386
P83,200911,401
P83,200912,444
P83,201001,519
P83,201002,424
P83,201003,480
P83,201004,472
P83,201005,511
P83,201006,418
P83,201007,413
P83,201008,572
P83,201009,568
P83,201010,569
P83,201011,498
P83,201012,496
P83,201101,465
P83,201102,408
P83,201103,538
P83,201104,412
P83,201105,540
P83,201106,548
P83,201107,548
P83,201108,500
P83,201109,515
P83,201110,414
P83,201111,485
P83,201112,580
P83,201201,584
P83,201202,350
P83,201203,305
P83,201204,511
P83,201205,606
P83,201206,574
P83,201207,601
P83,201208,521
P83,201209,452
P83,201210,536
P83,201211,386
P83,201212,488
P83,201301,520
P83,201302,474
P83,201303,375
P83,201304,469
P83,201305,483
P83,201306,532
P83,201307,501
P83,201308,463
P83,201309,441
P83,201310,487
P83,201311,434
P83,201312,429
P83,201401,422
P83,201402,387
P83,201403,386
P83,201404,458
P83,201405,352
P83,201406,341
P83,201407,442
P83,201408,388
P83,201409,396
P83,201410,390
P83,201411,320
P83,201412,297
P83,201501,278
P83,201502,265
P83,201503,253
P83,201504,245
P83,201505,257
P83,201506,162
P83,201507,163
P83,201508,148
P83,201509,167
P83,201510,89
P83,201511,85
P83,201512,118
P83,201601,24
P83,201602,29
P83,201603,47
P83,201907,9
P83,201908,6
P83,201910,23
P83,201911,47
P83,201912,40
P83,202001,29
P83,202002,32
P83,202003,67
P83,202004,31
P85,200505,11
P85,200506,12
P85,200507,25
P85,200508,7
P85,200509,41
P85,200510,82
P85,200511,79
P85,200512,126
P85,200601,193
P85,200602,196
P85,200603,204
P85,200604,226
P85,200605,252
P85,200606,265
P85,200607,217
P85,200608,293
P85,200609,223
P85,200610,341
P85,200611,307
P85,200612,282
P85,200701,380
P85,200702,385
P85,200703,459
P85,200704,503
P85,200705,547
P85,200706,461
P85,200707,510
P85,200708,568
P85,200709,548
P85,200710,630
P85,200711,595
P85,200712,482
P85,200801,494
P85,200802,271
P85,200803,446
P85,200804,418
P85,200805,480
P85,200806,426
P85,200807,554
P85,200808,585
P85,200809,559
P85,200810,454
P85,200811,125
P85,200812,447
P85,200901,419
P85,200902,330
P85,200903,455
P85,200904,436
P85,200905,236
P85,200906,324
P85,200907,354
P85,200908,412
P85,200909,332
P85,200910,398
P85,200911,390
P85,200912,423
P85,201001,503
P85,201002,471
P85,201003,559
P85,201004,588
P85,201005,483
P85,201006,476
P85,201007,445
P85,201008,654
P85,201009,619
P85,201010,556
P85,201011,471
P85,201012,516
P85,201101,576
P85,201102,405
P85,201103,509
P85,201104,309
P85,201105,512
P85,201106,508
P85,201107,612
P85,201108,488
P85,201109,532
P85,201110,476
P85,201111,466
P85,201112,589
P85,201201,622
P85,201202,511
P85,201203,432
P85,201204,515
P85,201205,602
P85,201206,487
P85,201207,615
P85,201208,473
P85,201209,461
P85,201210,402
P85,201211,471
P85,201212,341
P85,201301,509
P85,201302,518
P85,201303,470
P85,201304,482
P85,201305,503
P85,201306,503
P85,201307,463
P85,201308,420
P85,201309,395
P85,201310,478
P85,201311,419
P85,201312,427
P85,201401,424
P85,201402,347
P85,201403,383
P85,201404,409
P85,201405,399
P85,201406,311
P85,201407,292
P85,201408,247
P85,201409,299
P85,201410,236
P85,201411,288
P85,201412,275
P85,201501,186
P85,201502,151
P85,201503,196
P85,201504,146
P85,201505,134
P85,201506,153
P85,201507,111
P85,201508,145
P85,201509,95
P85,201510,86
P85,201511,81
P85,201512,83
P85,201601,23
P85,201602,50
P85,201603,43
P85,201604,35
P85,201907,3
P85,201908,11
P85,201910,6
P85,201911,1
P85,201912,3
P85,202001,4
P85,202002,11
P85,202003,37
P85,202004,34
P87,200506,4
P87,200507,16
P87,200508,2
P87,200509,6
P87,200510,15
P87,200511,34
P87,200512,78
P87,200601,101
P87,200602,157
P87,200603,263
P87,200604,175
P87,200605,203
P87,200606,210
P87,200607,244
P87,200608,303
P87,200609,198
P87,200610,319
P87,200611,321
P87,200612,256
P87,200701,308
P87,200702,358
P87,200703,384
P87,200704,494
P87,200705,458
P87,200706,487
P87,200707,489
P87,200708,587
P87,200709,568
P87,200710,659
P87,200711,637
P87,200712,323
P87,200801,340
P87,200802,203
P87,200803,305
P87,200804,441
P87,200805,383
P87,200806,477
P87,200807,545
P87,200808,593
P87,200809,597
P87,200810,548
P87,200811,133
P87,200812,447
P87,200901,403
P87,200902,365
P87,200903,463
P87,200904,466
P87,200905,247
P87,200906,295
P87,200907,331
P87,200908,365
P87,200909,316
P87,200910,415
P87,200911,424
P87,200912,445
P87,201001,466
P87,201002,420
P87,201003,520
P87,201004,548
P87,201005,473
P87,201006,499
P87,201007,454
P87,201008,615
P87,201009,654
P87,201010,585
P87,201011,468
P87,201012,555
P87,201101,570
P87,201102,428
P87,201103,583
P87,201104,369
P87,201105,534
P87,201106,553
P87,201107,558
P87,201108,491
P87,201109,519
P87,201110,428
P87,201111,541
P87,201112,513
P87,201201,493
P87,201202,435
P87,201203,293
P87,201204,363
P87,201205,519
P87,201206,315
P87,201207,433
P87,201208,371
P87,201209,453
P87,201210,335
P87,201211,346
P87,201212,277
P87,201301,437
P87,201302,387
P87,201303,349
P87,201304,362
P87,201305,443
P87,201306,437
P87,201307,399
P87,201308,341
P87,201309,333
P87,201310,384
P87,201311,311
P87,201312,331
P87,201401,385
P87,201402,237
P87,201403,264
P87,201404,358
P87,201405,299
P87,201406,197
P87,201407,301
P87,201408,223
P87,201409,175
P87,201410,226
P87,201411,228
P87,201412,187
P87,201501,173
P87,201502,84
P87,201503,139
P87,201504,94
P87,201505,19
P87,201908,6
P87,201909,8
P87,201910,5
P87,201911,5
P87,202001,6
P87,202002,4
P87,202003,42
P87,202004,33
P91,200509,3
P91,200510,6
P91,200511,10
P91,200512,47
P91,200601,78
P91,200602,107
P91,200603,235
P91,200604,217
P91,200605,189
P91,200606,192
P91,200607,218
P91,200608,191
P91,200609,153
P91,200610,248
P91,200611,289
P91,200612,289
P91,200701,267
P91,200702,290
P91,200703,290
P91,200704,438
P91,200705,391
P91,200706,434
P91,200707,476
P91,200708,595
P91,200709,554
P91,200710,548
P91,200711,623
P91,200712,306
P91,200801,350
P91,200802,205
P91,200803,320
P91,200804,378
P91,200805,350
P91,200806,375
P91,200807,605
P91,200808,635
P91,200809,625
P91,200810,621
P91,200811,151
P91,200812,515
P91,200901,510
P91,200902,348
P91,200903,471
P91,200904,526
P91,200905,284
P91,200906,398
P91,200907,422
P91,200908,419
P91,200909,392
P91,200910,421
P91,200911,414
P91,200912,469
P91,201001,544
P91,201002,458
P91,201003,595
P91,201004,569
P91,201005,540
P91,201006,609
P91,201007,531
P91,201008,686
P91,201009,613
P91,201010,566
P91,201011,453
P91,201012,414
P91,201101,499
P91,201102,357
P91,201103,437
P91,201104,345
P91,201105,431
P91,201106,414
P91,201107,539
P91,201108,336
P91,201109,376
P91,201110,343
P91,201111,391
P91,201112,460
P91,201201,461
P91,201202,291
P91,201203,334
P91,201204,396
P91,201205,387
P91,201206,356
P91,201207,489
P91,201208,202
P91,201209,257
P91,201210,315
P91,201211,310
P91,201212,110
P91,201301,349
P91,201302,301
P91,201303,245
P91,201304,328
P91,201305,361
P91,201306,315
P91,201307,285
P91,201308,242
P91,201309,256
P91,201310,285
P91,201311,256
P91,201312,276
P91,201401,202
P91,201402,126
P91,201403,136
P91,201404,188
P91,201405,159
P91,201406,157
P91,201407,43
P91,201908,1
P91,201909,9
P91,201910,7
P91,201911,6
P91,201912,2
P91,202001,3
P91,202002,37
P91,202003,79
P91,202004,38
P93,200508,3
P93,200509,1
P93,200511,5
P93,200512,16
P93,200601,53
P93,200602,90
P93,200603,174
P93,200604,193
P93,200605,153
P93,200606,147
P93,200607,180
P93,200608,185
P93,200609,139
P93,200610,248
P93,200611,295
P93,200612,206
P93,200701,279
P93,200702,366
P93,200703,331
P93,200704,393
P93,200705,437
P93,200706,441
P93,200707,448
P93,200708,550
P93,200709,489
P93,200710,527
P93,200711,558
P93,200712,347
P93,200801,343
P93,200802,247
P93,200803,342
P93,200804,351
P93,200805,393
P93,200806,444
P93,200807,731
P93,200808,663
P93,200809,646
P93,200810,694
P93,200811,139
P93,200812,526
P93,200901,519
P93,200902,378
P93,200903,536
P93,200904,563
P93,200905,330
P93,200906,405
P93,200907,368
P93,200908,450
P93,200909,380
P93,200910,447
P93,200911,464
P93,200912,548
P93,201001,623
P93,201002,588
P93,201003,605
P93,201004,581
P93,201005,574
P93,201006,564
P93,201007,497
P93,201008,618
P93,201009,687
P93,201010,562
P93,201011,437
P93,201012,411
P93,201101,437
P93,201102,252
P93,201103,318
P93,201104,361
P93,201105,435
P93,201106,436
P93,201107,469
P93,201108,372
P93,201109,312
P93,201110,283
P93,201111,369
P93,201112,390
P93,201201,416
P93,201202,243
P93,201203,309
P93,201204,352
P93,201205,267
P93,201206,403
P93,201207,368
P93,201208,232
P93,201209,263
P93,201210,212
P93,201211,261
P93,201212,77
P93,201301,275
P93,201302,245
P93,201303,223
P93,201304,266
P93,201305,261
P93,201306,230
P93,201307,219
P93,201308,189
P93,201309,187
P93,201310,99
P93,201311,4
P93,201312,2
P93,201401,1
P93,201404,126
P93,201405,100
P93,201406,101
P93,201407,40
P93,201909,7
P93,201910,5
P93,201911,6
P93,202001,4
P93,202002,12
P93,202003,39
P93,202004,30
